-- MySQL dump 10.13  Distrib 8.0.36, for Win64 (x86_64)
--
-- Host: localhost    Database: hotel_reservation_db
-- ------------------------------------------------------
-- Server version	5.5.5-10.4.32-MariaDB

/*!40101 SET @OLD_CHARACTER_SET_CLIENT=@@CHARACTER_SET_CLIENT */;
/*!40101 SET @OLD_CHARACTER_SET_RESULTS=@@CHARACTER_SET_RESULTS */;
/*!40101 SET @OLD_COLLATION_CONNECTION=@@COLLATION_CONNECTION */;
/*!50503 SET NAMES utf8 */;
/*!40103 SET @OLD_TIME_ZONE=@@TIME_ZONE */;
/*!40103 SET TIME_ZONE='+00:00' */;
/*!40014 SET @OLD_UNIQUE_CHECKS=@@UNIQUE_CHECKS, UNIQUE_CHECKS=0 */;
/*!40014 SET @OLD_FOREIGN_KEY_CHECKS=@@FOREIGN_KEY_CHECKS, FOREIGN_KEY_CHECKS=0 */;
/*!40101 SET @OLD_SQL_MODE=@@SQL_MODE, SQL_MODE='NO_AUTO_VALUE_ON_ZERO' */;
/*!40111 SET @OLD_SQL_NOTES=@@SQL_NOTES, SQL_NOTES=0 */;

--
-- Table structure for table `auth_users`
--

DROP TABLE IF EXISTS `auth_users`;
/*!40101 SET @saved_cs_client     = @@character_set_client */;
/*!50503 SET character_set_client = utf8mb4 */;
CREATE TABLE `auth_users` (
  `id` bigint(20) NOT NULL AUTO_INCREMENT,
  `username` varchar(255) NOT NULL,
  `name` varchar(255) DEFAULT NULL,
  `password` varchar(255) DEFAULT NULL,
  `role` varchar(255) DEFAULT NULL,
  PRIMARY KEY (`id`),
  UNIQUE KEY `username` (`username`)
) ENGINE=InnoDB AUTO_INCREMENT=7 DEFAULT CHARSET=utf8mb4 COLLATE=utf8mb4_general_ci;
/*!40101 SET character_set_client = @saved_cs_client */;

--
-- Dumping data for table `auth_users`
--

LOCK TABLES `auth_users` WRITE;
/*!40000 ALTER TABLE `auth_users` DISABLE KEYS */;
INSERT INTO `auth_users` VALUES (5,'juanperez12345','Juan P√©rez','$2a$10$voj0qia7QfwTDrPQxwKa..IL4S9zC5fjrUGTw8yoN9AHseeZoypyS','ADMINISTRATOR'),(6,'manuel','manuel','$2a$10$auL8wYUWf/AvGFT5iLtrguPWKRkC3trgl4f6gaJqbE1lh0a4xpN.S','ADMINISTRATOR');
/*!40000 ALTER TABLE `auth_users` ENABLE KEYS */;
UNLOCK TABLES;

--
-- Table structure for table `client`
--

DROP TABLE IF EXISTS `client`;
/*!40101 SET @saved_cs_client     = @@character_set_client */;
/*!50503 SET character_set_client = utf8mb4 */;
CREATE TABLE `client` (
  `id_number` bigint(20) NOT NULL,
  `kind` varchar(255) DEFAULT NULL,
  `birth_date` date DEFAULT NULL,
  `type_identifier` varchar(255) DEFAULT NULL,
  `first_name` varchar(255) DEFAULT NULL,
  `last_name` varchar(255) DEFAULT NULL,
  `email` varchar(255) DEFAULT NULL,
  `age` smallint(6) DEFAULT NULL,
  `gender` varchar(255) DEFAULT NULL,
  `status` varchar(255) DEFAULT NULL,
  `origin_country` varchar(255) DEFAULT NULL,
  `live_country` varchar(255) DEFAULT NULL,
  PRIMARY KEY (`id_number`)
) ENGINE=InnoDB DEFAULT CHARSET=utf8mb4 COLLATE=utf8mb4_general_ci;
/*!40101 SET character_set_client = @saved_cs_client */;

--
-- Dumping data for table `client`
--

LOCK TABLES `client` WRITE;
/*!40000 ALTER TABLE `client` DISABLE KEYS */;
INSERT INTO `client` VALUES (123456789,'Preferencial','1995-06-15','CC','Juan','P√©rez','juan.perez@example.com',30,'Masculino','Soltero','Colombia','Espa√±a'),(456123789,'Preferencial','1985-11-02','CE','Luis','Ram√≠rez','luis.ramirez@example.com',40,'Masculino','Viudo','Per√∫','Chile');
/*!40000 ALTER TABLE `client` ENABLE KEYS */;
UNLOCK TABLES;

--
-- Table structure for table `fee`
--

DROP TABLE IF EXISTS `fee`;
/*!40101 SET @saved_cs_client     = @@character_set_client */;
/*!50503 SET character_set_client = utf8mb4 */;
CREATE TABLE `fee` (
  `fee_id` bigint(20) NOT NULL AUTO_INCREMENT,
  `fee_public_value` double DEFAULT NULL,
  `fee_date` date DEFAULT NULL,
  `fee_increment_rate` smallint(6) DEFAULT NULL,
  `fee_category_id` int(11) DEFAULT NULL,
  PRIMARY KEY (`fee_id`),
  KEY `fee_category_id` (`fee_category_id`),
  CONSTRAINT `fee_ibfk_1` FOREIGN KEY (`fee_category_id`) REFERENCES `room_categories` (`room_category_id`)
) ENGINE=InnoDB DEFAULT CHARSET=utf8mb4 COLLATE=utf8mb4_general_ci;
/*!40101 SET character_set_client = @saved_cs_client */;

--
-- Dumping data for table `fee`
--

LOCK TABLES `fee` WRITE;
/*!40000 ALTER TABLE `fee` DISABLE KEYS */;
/*!40000 ALTER TABLE `fee` ENABLE KEYS */;
UNLOCK TABLES;

--
-- Table structure for table `hotel`
--

DROP TABLE IF EXISTS `hotel`;
/*!40101 SET @saved_cs_client     = @@character_set_client */;
/*!50503 SET character_set_client = utf8mb4 */;
CREATE TABLE `hotel` (
  `hotel_id` int(11) NOT NULL AUTO_INCREMENT,
  `hotel_name` varchar(100) DEFAULT NULL,
  `hotel_address` varchar(255) DEFAULT NULL,
  `hotel_email` varchar(255) DEFAULT NULL,
  `hotel_city` varchar(100) DEFAULT NULL,
  `hotel_state` varchar(100) DEFAULT NULL,
  `hotel_country` varchar(100) DEFAULT NULL,
  PRIMARY KEY (`hotel_id`)
) ENGINE=InnoDB AUTO_INCREMENT=3 DEFAULT CHARSET=utf8mb4 COLLATE=utf8mb4_general_ci;
/*!40101 SET character_set_client = @saved_cs_client */;

--
-- Dumping data for table `hotel`
--

LOCK TABLES `hotel` WRITE;
/*!40000 ALTER TABLE `hotel` DISABLE KEYS */;
INSERT INTO `hotel` VALUES (1,'Hotel Paradise','123 Ocean Drive',NULL,'Miami','Florida','USA');
/*!40000 ALTER TABLE `hotel` ENABLE KEYS */;
UNLOCK TABLES;

--
-- Table structure for table `hotel_phone`
--

DROP TABLE IF EXISTS `hotel_phone`;
/*!40101 SET @saved_cs_client     = @@character_set_client */;
/*!50503 SET character_set_client = utf8mb4 */;
CREATE TABLE `hotel_phone` (
  `id` int(11) NOT NULL AUTO_INCREMENT,
  `number` varchar(20) NOT NULL,
  `phone_hotel_id` int(11) NOT NULL,
  PRIMARY KEY (`id`),
  KEY `phone_hotel_id` (`phone_hotel_id`),
  CONSTRAINT `hotel_phone_ibfk_1` FOREIGN KEY (`phone_hotel_id`) REFERENCES `hotel` (`hotel_id`)
) ENGINE=InnoDB AUTO_INCREMENT=5 DEFAULT CHARSET=utf8mb4 COLLATE=utf8mb4_general_ci;
/*!40101 SET character_set_client = @saved_cs_client */;

--
-- Dumping data for table `hotel_phone`
--

LOCK TABLES `hotel_phone` WRITE;
/*!40000 ALTER TABLE `hotel_phone` DISABLE KEYS */;
INSERT INTO `hotel_phone` VALUES (1,'3105659969',1),(4,'3106169968',1);
/*!40000 ALTER TABLE `hotel_phone` ENABLE KEYS */;
UNLOCK TABLES;

--
-- Table structure for table `hotels`
--

DROP TABLE IF EXISTS `hotels`;
/*!40101 SET @saved_cs_client     = @@character_set_client */;
/*!50503 SET character_set_client = utf8mb4 */;
CREATE TABLE `hotels` (
  `hotel_id` int(11) NOT NULL AUTO_INCREMENT,
  `hotel_address` varchar(255) DEFAULT NULL,
  `hotel_city` varchar(255) DEFAULT NULL,
  `hotel_country` varchar(255) DEFAULT NULL,
  `hotel_name` varchar(255) DEFAULT NULL,
  `hotel_state` varchar(255) DEFAULT NULL,
  PRIMARY KEY (`hotel_id`)
) ENGINE=InnoDB AUTO_INCREMENT=4 DEFAULT CHARSET=utf8mb4 COLLATE=utf8mb4_general_ci;
/*!40101 SET character_set_client = @saved_cs_client */;

--
-- Dumping data for table `hotels`
--

LOCK TABLES `hotels` WRITE;
/*!40000 ALTER TABLE `hotels` DISABLE KEYS */;
INSERT INTO `hotels` VALUES (1,'123 Ocean Drive','Miami','USA','Hotel Paradise','Florida'),(2,'123 Ocean Drive','Miami','USA','Hotel Paradise','Florida'),(3,'123 Ocean Drive','Miami','USA','Hotel Paradise','Florida');
/*!40000 ALTER TABLE `hotels` ENABLE KEYS */;
UNLOCK TABLES;

--
-- Table structure for table `jwt_token`
--

DROP TABLE IF EXISTS `jwt_token`;
/*!40101 SET @saved_cs_client     = @@character_set_client */;
/*!50503 SET character_set_client = utf8mb4 */;
CREATE TABLE `jwt_token` (
  `id` bigint(20) NOT NULL AUTO_INCREMENT,
  `token` varchar(2048) DEFAULT NULL,
  `expires` datetime DEFAULT NULL,
  `is_valid` tinyint(1) DEFAULT NULL,
  `user_id` bigint(20) NOT NULL,
  PRIMARY KEY (`id`),
  KEY `fk_jwt_user` (`user_id`),
  CONSTRAINT `fk_jwt_user` FOREIGN KEY (`user_id`) REFERENCES `auth_users` (`id`)
) ENGINE=InnoDB AUTO_INCREMENT=71 DEFAULT CHARSET=utf8mb4 COLLATE=utf8mb4_general_ci;
/*!40101 SET character_set_client = @saved_cs_client */;

--
-- Dumping data for table `jwt_token`
--

LOCK TABLES `jwt_token` WRITE;
/*!40000 ALTER TABLE `jwt_token` DISABLE KEYS */;
INSERT INTO `jwt_token` VALUES (1,'eyJ0eXAiOiJqd3QiLCJhbGciOiJIUzI1NiJ9.eyJzdWIiOiJqdWFucGVyZXoxMjM0NSIsImlhdCI6MTc0NjkxNzM4NCwiZXhwIjoxNzQ3MDAzNzg0LCJyb2xlIjoiQURNSU5JU1RSQVRPUiIsIm5hbWUiOiJKdWFuIFDDqXJleiIsImF1dGhvcml0aWVzIjpbeyJhdXRob3JpdHkiOiJDUkVBVEVfT05FIn0seyJhdXRob3JpdHkiOiJSRUFEX0FMTCJ9LHsiYXV0aG9yaXR5IjoiUkVBRF9PTkUifSx7ImF1dGhvcml0eSI6IlVQREFURV9PTkUifSx7ImF1dGhvcml0eSI6IkRJU0FCTEVfT05FIn0seyJhdXRob3JpdHkiOiJST0xFX0FETUlOSVNUUkFUT1IifV0sInVzZXJuYW1lIjoianVhbnBlcmV6MTIzNDUifQ.Qp7va4LHKXELWmiDmsm22bUqEIFnZ8G31pvIW1T8rJE','2025-05-11 17:49:44',1,5),(2,'eyJ0eXAiOiJqd3QiLCJhbGciOiJIUzI1NiJ9.eyJzdWIiOiJqdWFucGVyZXoxMjM0NSIsImlhdCI6MTc0NjkxNzcyMSwiZXhwIjoxNzQ3MDA0MTIxLCJyb2xlIjoiQURNSU5JU1RSQVRPUiIsIm5hbWUiOiJKdWFuIFDDqXJleiIsImF1dGhvcml0aWVzIjpbeyJhdXRob3JpdHkiOiJDUkVBVEVfT05FIn0seyJhdXRob3JpdHkiOiJSRUFEX0FMTCJ9LHsiYXV0aG9yaXR5IjoiUkVBRF9PTkUifSx7ImF1dGhvcml0eSI6IlVQREFURV9PTkUifSx7ImF1dGhvcml0eSI6IkRJU0FCTEVfT05FIn0seyJhdXRob3JpdHkiOiJST0xFX0FETUlOSVNUUkFUT1IifV0sInVzZXJuYW1lIjoianVhbnBlcmV6MTIzNDUifQ.4maflWtNqc_qLH_eQmLeXclhJ7-9tPYAncQYrMyja_s','2025-05-11 17:55:21',1,5),(3,'eyJ0eXAiOiJqd3QiLCJhbGciOiJIUzI1NiJ9.eyJzdWIiOiJqdWFucGVyZXoxMjM0NSIsImlhdCI6MTc0NjkxNzc4MiwiZXhwIjoxNzQ3MDA0MTgyLCJyb2xlIjoiQURNSU5JU1RSQVRPUiIsIm5hbWUiOiJKdWFuIFDDqXJleiIsImF1dGhvcml0aWVzIjpbeyJhdXRob3JpdHkiOiJDUkVBVEVfT05FIn0seyJhdXRob3JpdHkiOiJSRUFEX0FMTCJ9LHsiYXV0aG9yaXR5IjoiUkVBRF9PTkUifSx7ImF1dGhvcml0eSI6IlVQREFURV9PTkUifSx7ImF1dGhvcml0eSI6IkRJU0FCTEVfT05FIn0seyJhdXRob3JpdHkiOiJST0xFX0FETUlOSVNUUkFUT1IifV0sInVzZXJuYW1lIjoianVhbnBlcmV6MTIzNDUifQ.yq5Fjnk9D6XgFMNult-SzLis5BhmwD1Q5qQ9WKh3rb4','2025-05-11 17:56:22',1,5),(4,'eyJ0eXAiOiJqd3QiLCJhbGciOiJIUzI1NiJ9.eyJzdWIiOiJqdWFucGVyZXoxMjM0NSIsImlhdCI6MTc0NjkxNzkyMiwiZXhwIjoxNzQ3MDA0MzIyLCJyb2xlIjoiQURNSU5JU1RSQVRPUiIsIm5hbWUiOiJKdWFuIFDDqXJleiIsImF1dGhvcml0aWVzIjpbeyJhdXRob3JpdHkiOiJDUkVBVEVfT05FIn0seyJhdXRob3JpdHkiOiJSRUFEX0FMTCJ9LHsiYXV0aG9yaXR5IjoiUkVBRF9PTkUifSx7ImF1dGhvcml0eSI6IlVQREFURV9PTkUifSx7ImF1dGhvcml0eSI6IkRJU0FCTEVfT05FIn0seyJhdXRob3JpdHkiOiJST0xFX0FETUlOSVNUUkFUT1IifV0sInVzZXJuYW1lIjoianVhbnBlcmV6MTIzNDUifQ.ueQFmaZFaqVgI8FBJ0mcRuQGBXaszAqMEWn70UPzrWE','2025-05-11 17:58:42',1,5),(5,'eyJ0eXAiOiJqd3QiLCJhbGciOiJIUzI1NiJ9.eyJzdWIiOiJqdWFucGVyZXoxMjM0NSIsImlhdCI6MTc0NjkxODI2MywiZXhwIjoxNzQ3MDA0NjYzLCJyb2xlIjoiQURNSU5JU1RSQVRPUiIsIm5hbWUiOiJKdWFuIFDDqXJleiIsImF1dGhvcml0aWVzIjpbeyJhdXRob3JpdHkiOiJDUkVBVEVfT05FIn0seyJhdXRob3JpdHkiOiJSRUFEX0FMTCJ9LHsiYXV0aG9yaXR5IjoiUkVBRF9PTkUifSx7ImF1dGhvcml0eSI6IlVQREFURV9PTkUifSx7ImF1dGhvcml0eSI6IkRJU0FCTEVfT05FIn0seyJhdXRob3JpdHkiOiJST0xFX0FETUlOSVNUUkFUT1IifV0sInVzZXJuYW1lIjoianVhbnBlcmV6MTIzNDUifQ.Ps-e6saKcQQKSxer9OlfCVTHpjQy_nUps_m8Ju6k_3M','2025-05-11 18:04:23',1,5),(6,'eyJ0eXAiOiJqd3QiLCJhbGciOiJIUzI1NiJ9.eyJzdWIiOiJqdWFucGVyZXoxMjM0NSIsImlhdCI6MTc0NjkxODUzMywiZXhwIjoxNzQ3MDA0OTMzLCJyb2xlIjoiQURNSU5JU1RSQVRPUiIsIm5hbWUiOiJKdWFuIFDDqXJleiIsImF1dGhvcml0aWVzIjpbeyJhdXRob3JpdHkiOiJDUkVBVEVfT05FIn0seyJhdXRob3JpdHkiOiJSRUFEX0FMTCJ9LHsiYXV0aG9yaXR5IjoiUkVBRF9PTkUifSx7ImF1dGhvcml0eSI6IlVQREFURV9PTkUifSx7ImF1dGhvcml0eSI6IkRJU0FCTEVfT05FIn0seyJhdXRob3JpdHkiOiJST0xFX0FETUlOSVNUUkFUT1IifV0sInVzZXJuYW1lIjoianVhbnBlcmV6MTIzNDUifQ.5_YfZDBSZ4KEzbPPm4WUXomVEitZzirPwjL-WBVZ8oo','2025-05-11 18:08:53',1,5),(7,'eyJ0eXAiOiJqd3QiLCJhbGciOiJIUzI1NiJ9.eyJzdWIiOiJqdWFucGVyZXoxMjM0NSIsImlhdCI6MTc0NjkxOTM0MiwiZXhwIjoxNzQ3MDA1NzQyLCJyb2xlIjoiQURNSU5JU1RSQVRPUiIsIm5hbWUiOiJKdWFuIFDDqXJleiIsImF1dGhvcml0aWVzIjpbeyJhdXRob3JpdHkiOiJDUkVBVEVfT05FIn0seyJhdXRob3JpdHkiOiJSRUFEX0FMTCJ9LHsiYXV0aG9yaXR5IjoiUkVBRF9PTkUifSx7ImF1dGhvcml0eSI6IlVQREFURV9PTkUifSx7ImF1dGhvcml0eSI6IkRJU0FCTEVfT05FIn0seyJhdXRob3JpdHkiOiJST0xFX0FETUlOSVNUUkFUT1IifV0sInVzZXJuYW1lIjoianVhbnBlcmV6MTIzNDUifQ.u1TvNXbM32k8G8yS8ID71m0g5ZlJArH6epFxJUFw80o','2025-05-11 18:22:22',1,5),(8,'eyJ0eXAiOiJqd3QiLCJhbGciOiJIUzI1NiJ9.eyJzdWIiOiJqdWFucGVyZXoxMjM0NSIsImlhdCI6MTc0NjkxOTg2NSwiZXhwIjoxNzQ3MDA2MjY1LCJyb2xlIjoiQURNSU5JU1RSQVRPUiIsIm5hbWUiOiJKdWFuIFDDqXJleiIsImF1dGhvcml0aWVzIjpbeyJhdXRob3JpdHkiOiJDUkVBVEVfT05FIn0seyJhdXRob3JpdHkiOiJSRUFEX0FMTCJ9LHsiYXV0aG9yaXR5IjoiUkVBRF9PTkUifSx7ImF1dGhvcml0eSI6IlVQREFURV9PTkUifSx7ImF1dGhvcml0eSI6IkRJU0FCTEVfT05FIn0seyJhdXRob3JpdHkiOiJST0xFX0FETUlOSVNUUkFUT1IifV0sInVzZXJuYW1lIjoianVhbnBlcmV6MTIzNDUifQ.I2hqzH54WNXtJ9-UuU1ADjzSV7bWXRHqf2-mGLT733g','2025-05-11 18:31:05',1,5),(9,'eyJ0eXAiOiJqd3QiLCJhbGciOiJIUzI1NiJ9.eyJzdWIiOiJqdWFucGVyZXoxMjM0NSIsImlhdCI6MTc0NjkyMDE1MCwiZXhwIjoxNzQ3MDA2NTUwLCJyb2xlIjoiQURNSU5JU1RSQVRPUiIsIm5hbWUiOiJKdWFuIFDDqXJleiIsImF1dGhvcml0aWVzIjpbeyJhdXRob3JpdHkiOiJDUkVBVEVfT05FIn0seyJhdXRob3JpdHkiOiJSRUFEX0FMTCJ9LHsiYXV0aG9yaXR5IjoiUkVBRF9PTkUifSx7ImF1dGhvcml0eSI6IlVQREFURV9PTkUifSx7ImF1dGhvcml0eSI6IkRJU0FCTEVfT05FIn0seyJhdXRob3JpdHkiOiJST0xFX0FETUlOSVNUUkFUT1IifV0sInVzZXJuYW1lIjoianVhbnBlcmV6MTIzNDUifQ.K5lxw_7H3yTz2c4E5vLSOJ4L9pDk5Y4K612VQiabY6w','2025-05-11 18:35:50',1,5),(10,'eyJ0eXAiOiJqd3QiLCJhbGciOiJIUzI1NiJ9.eyJzdWIiOiJqdWFucGVyZXoxMjM0NSIsImlhdCI6MTc0NjkyMDMwOSwiZXhwIjoxNzQ3MDA2NzA5LCJyb2xlIjoiQURNSU5JU1RSQVRPUiIsIm5hbWUiOiJKdWFuIFDDqXJleiIsImF1dGhvcml0aWVzIjpbeyJhdXRob3JpdHkiOiJDUkVBVEVfT05FIn0seyJhdXRob3JpdHkiOiJSRUFEX0FMTCJ9LHsiYXV0aG9yaXR5IjoiUkVBRF9PTkUifSx7ImF1dGhvcml0eSI6IlVQREFURV9PTkUifSx7ImF1dGhvcml0eSI6IkRJU0FCTEVfT05FIn0seyJhdXRob3JpdHkiOiJST0xFX0FETUlOSVNUUkFUT1IifV0sInVzZXJuYW1lIjoianVhbnBlcmV6MTIzNDUifQ.7YlLIqQ0HmQzZ57SYYxd0_9a1UfIUBKcDuD0Tb4a6_g','2025-05-11 18:38:29',1,5),(11,'eyJ0eXAiOiJqd3QiLCJhbGciOiJIUzI1NiJ9.eyJzdWIiOiJqdWFucGVyZXoxMjM0NSIsImlhdCI6MTc0NjkyMTU2MCwiZXhwIjoxNzQ3MDA3OTYwLCJyb2xlIjoiQURNSU5JU1RSQVRPUiIsIm5hbWUiOiJKdWFuIFDDqXJleiIsImF1dGhvcml0aWVzIjpbeyJhdXRob3JpdHkiOiJDUkVBVEVfT05FIn0seyJhdXRob3JpdHkiOiJSRUFEX0FMTCJ9LHsiYXV0aG9yaXR5IjoiUkVBRF9PTkUifSx7ImF1dGhvcml0eSI6IlVQREFURV9PTkUifSx7ImF1dGhvcml0eSI6IkRJU0FCTEVfT05FIn0seyJhdXRob3JpdHkiOiJST0xFX0FETUlOSVNUUkFUT1IifV0sInVzZXJuYW1lIjoianVhbnBlcmV6MTIzNDUifQ.XlzyxxQAHDcFtm6IPAOwyPvds6oxx-h_9YktFmD8130','2025-05-11 18:59:20',1,5),(12,'eyJ0eXAiOiJqd3QiLCJhbGciOiJIUzI1NiJ9.eyJzdWIiOiJqdWFucGVyZXoxMjM0NSIsImlhdCI6MTc0NjkyMTY2MCwiZXhwIjoxNzQ3MDA4MDYwLCJyb2xlIjoiQURNSU5JU1RSQVRPUiIsIm5hbWUiOiJKdWFuIFDDqXJleiIsImF1dGhvcml0aWVzIjpbeyJhdXRob3JpdHkiOiJDUkVBVEVfT05FIn0seyJhdXRob3JpdHkiOiJSRUFEX0FMTCJ9LHsiYXV0aG9yaXR5IjoiUkVBRF9PTkUifSx7ImF1dGhvcml0eSI6IlVQREFURV9PTkUifSx7ImF1dGhvcml0eSI6IkRJU0FCTEVfT05FIn0seyJhdXRob3JpdHkiOiJST0xFX0FETUlOSVNUUkFUT1IifV0sInVzZXJuYW1lIjoianVhbnBlcmV6MTIzNDUifQ.x4oX0gMN77Rp433fa4SGBKmydsO0826KBSfxqX2A_tw','2025-05-11 19:01:00',1,5),(13,'eyJ0eXAiOiJqd3QiLCJhbGciOiJIUzI1NiJ9.eyJzdWIiOiJqdWFucGVyZXoxMjM0NSIsImlhdCI6MTc0NjkyMTkxMiwiZXhwIjoxNzQ3MDA4MzEyLCJyb2xlIjoiQURNSU5JU1RSQVRPUiIsIm5hbWUiOiJKdWFuIFDDqXJleiIsImF1dGhvcml0aWVzIjpbeyJhdXRob3JpdHkiOiJDUkVBVEVfT05FIn0seyJhdXRob3JpdHkiOiJSRUFEX0FMTCJ9LHsiYXV0aG9yaXR5IjoiUkVBRF9PTkUifSx7ImF1dGhvcml0eSI6IlVQREFURV9PTkUifSx7ImF1dGhvcml0eSI6IkRJU0FCTEVfT05FIn0seyJhdXRob3JpdHkiOiJST0xFX0FETUlOSVNUUkFUT1IifV0sInVzZXJuYW1lIjoianVhbnBlcmV6MTIzNDUifQ._ei0N1kh9R-_7k-gU-yBZV1RmtvFM3fzNB2pwTFzx1Y','2025-05-11 19:05:12',1,5),(14,'eyJ0eXAiOiJqd3QiLCJhbGciOiJIUzI1NiJ9.eyJzdWIiOiJqdWFucGVyZXoxMjM0NSIsImlhdCI6MTc0NjkyMjEyMCwiZXhwIjoxNzQ3MDA4NTIwLCJyb2xlIjoiQURNSU5JU1RSQVRPUiIsIm5hbWUiOiJKdWFuIFDDqXJleiIsImF1dGhvcml0aWVzIjpbeyJhdXRob3JpdHkiOiJDUkVBVEVfT05FIn0seyJhdXRob3JpdHkiOiJSRUFEX0FMTCJ9LHsiYXV0aG9yaXR5IjoiUkVBRF9PTkUifSx7ImF1dGhvcml0eSI6IlVQREFURV9PTkUifSx7ImF1dGhvcml0eSI6IkRJU0FCTEVfT05FIn0seyJhdXRob3JpdHkiOiJST0xFX0FETUlOSVNUUkFUT1IifV0sInVzZXJuYW1lIjoianVhbnBlcmV6MTIzNDUifQ.wMqHnA8hWWVJQtjF9Sl5T71pUbKR2k7RAhwT-0iucxg','2025-05-11 19:08:40',1,5),(15,'eyJ0eXAiOiJqd3QiLCJhbGciOiJIUzI1NiJ9.eyJzdWIiOiJqdWFucGVyZXoxMjM0NSIsImlhdCI6MTc0NjkyMjI0MCwiZXhwIjoxNzQ3MDA4NjQwLCJyb2xlIjoiQURNSU5JU1RSQVRPUiIsIm5hbWUiOiJKdWFuIFDDqXJleiIsImF1dGhvcml0aWVzIjpbeyJhdXRob3JpdHkiOiJDUkVBVEVfT05FIn0seyJhdXRob3JpdHkiOiJSRUFEX0FMTCJ9LHsiYXV0aG9yaXR5IjoiUkVBRF9PTkUifSx7ImF1dGhvcml0eSI6IlVQREFURV9PTkUifSx7ImF1dGhvcml0eSI6IkRJU0FCTEVfT05FIn0seyJhdXRob3JpdHkiOiJST0xFX0FETUlOSVNUUkFUT1IifV0sInVzZXJuYW1lIjoianVhbnBlcmV6MTIzNDUifQ.5axAdbgq6L7AJrh0AjxP2wW41wAC6ziLcz2WFSvk8gY','2025-05-11 19:10:40',1,5),(16,'eyJ0eXAiOiJqd3QiLCJhbGciOiJIUzI1NiJ9.eyJzdWIiOiJqdWFucGVyZXoxMjM0NSIsImlhdCI6MTc0NjkyMjQ5OCwiZXhwIjoxNzQ3MDA4ODk4LCJyb2xlIjoiQURNSU5JU1RSQVRPUiIsIm5hbWUiOiJKdWFuIFDDqXJleiIsImF1dGhvcml0aWVzIjpbeyJhdXRob3JpdHkiOiJDUkVBVEVfT05FIn0seyJhdXRob3JpdHkiOiJSRUFEX0FMTCJ9LHsiYXV0aG9yaXR5IjoiUkVBRF9PTkUifSx7ImF1dGhvcml0eSI6IlVQREFURV9PTkUifSx7ImF1dGhvcml0eSI6IkRJU0FCTEVfT05FIn0seyJhdXRob3JpdHkiOiJST0xFX0FETUlOSVNUUkFUT1IifV0sInVzZXJuYW1lIjoianVhbnBlcmV6MTIzNDUifQ.6wfRvqMAZ9bUd8IRBKpK-TJfSEvB5xR6grHPrFZZ2MY','2025-05-11 19:14:58',1,5),(17,'eyJ0eXAiOiJqd3QiLCJhbGciOiJIUzI1NiJ9.eyJzdWIiOiJqdWFucGVyZXoxMjM0NSIsImlhdCI6MTc0Njk2NzU1NywiZXhwIjoxNzQ3MDUzOTU3LCJyb2xlIjoiQURNSU5JU1RSQVRPUiIsIm5hbWUiOiJKdWFuIFDDqXJleiIsImF1dGhvcml0aWVzIjpbeyJhdXRob3JpdHkiOiJDUkVBVEVfT05FIn0seyJhdXRob3JpdHkiOiJSRUFEX0FMTCJ9LHsiYXV0aG9yaXR5IjoiUkVBRF9PTkUifSx7ImF1dGhvcml0eSI6IlVQREFURV9PTkUifSx7ImF1dGhvcml0eSI6IkRJU0FCTEVfT05FIn0seyJhdXRob3JpdHkiOiJST0xFX0FETUlOSVNUUkFUT1IifV0sInVzZXJuYW1lIjoianVhbnBlcmV6MTIzNDUifQ.rGP53q-fZCEHNtmhpHFP4mE-eibjZv8HmwO7C2He5T0','2025-05-12 07:45:57',1,5),(18,'eyJ0eXAiOiJqd3QiLCJhbGciOiJIUzI1NiJ9.eyJzdWIiOiJqdWFucGVyZXoxMjM0NSIsImlhdCI6MTc0Njk2Nzc2MiwiZXhwIjoxNzQ3MDU0MTYyLCJyb2xlIjoiQURNSU5JU1RSQVRPUiIsIm5hbWUiOiJKdWFuIFDDqXJleiIsImF1dGhvcml0aWVzIjpbeyJhdXRob3JpdHkiOiJDUkVBVEVfT05FIn0seyJhdXRob3JpdHkiOiJSRUFEX0FMTCJ9LHsiYXV0aG9yaXR5IjoiUkVBRF9PTkUifSx7ImF1dGhvcml0eSI6IlVQREFURV9PTkUifSx7ImF1dGhvcml0eSI6IkRJU0FCTEVfT05FIn0seyJhdXRob3JpdHkiOiJST0xFX0FETUlOSVNUUkFUT1IifV0sInVzZXJuYW1lIjoianVhbnBlcmV6MTIzNDUifQ.FIgcOts2ALw-BsiQ7Ckk1uovocvgl9hKic1HlLjxGG8','2025-05-12 07:49:22',1,5),(19,'eyJ0eXAiOiJqd3QiLCJhbGciOiJIUzI1NiJ9.eyJzdWIiOiJqdWFucGVyZXoxMjM0NSIsImlhdCI6MTc0Njk2ODc0MywiZXhwIjoxNzQ3MDU1MTQzLCJyb2xlIjoiQURNSU5JU1RSQVRPUiIsIm5hbWUiOiJKdWFuIFDDqXJleiIsImF1dGhvcml0aWVzIjpbeyJhdXRob3JpdHkiOiJDUkVBVEVfT05FIn0seyJhdXRob3JpdHkiOiJSRUFEX0FMTCJ9LHsiYXV0aG9yaXR5IjoiUkVBRF9PTkUifSx7ImF1dGhvcml0eSI6IlVQREFURV9PTkUifSx7ImF1dGhvcml0eSI6IkRJU0FCTEVfT05FIn0seyJhdXRob3JpdHkiOiJST0xFX0FETUlOSVNUUkFUT1IifV0sInVzZXJuYW1lIjoianVhbnBlcmV6MTIzNDUifQ.6m9vzS0zmLyI731DccoDACu7_ybAdE7IEOnJhGLTI68','2025-05-12 08:05:43',1,5),(20,'eyJ0eXAiOiJqd3QiLCJhbGciOiJIUzI1NiJ9.eyJzdWIiOiJqdWFucGVyZXoxMjM0NSIsImlhdCI6MTc0Njk2ODc0NywiZXhwIjoxNzQ3MDU1MTQ3LCJyb2xlIjoiQURNSU5JU1RSQVRPUiIsIm5hbWUiOiJKdWFuIFDDqXJleiIsImF1dGhvcml0aWVzIjpbeyJhdXRob3JpdHkiOiJDUkVBVEVfT05FIn0seyJhdXRob3JpdHkiOiJSRUFEX0FMTCJ9LHsiYXV0aG9yaXR5IjoiUkVBRF9PTkUifSx7ImF1dGhvcml0eSI6IlVQREFURV9PTkUifSx7ImF1dGhvcml0eSI6IkRJU0FCTEVfT05FIn0seyJhdXRob3JpdHkiOiJST0xFX0FETUlOSVNUUkFUT1IifV0sInVzZXJuYW1lIjoianVhbnBlcmV6MTIzNDUifQ.2BBqDqn4y8eEs4P4-gaEicknIWnHnhOMAGOc0FSuBX4','2025-05-12 08:05:47',1,5),(21,'eyJ0eXAiOiJqd3QiLCJhbGciOiJIUzI1NiJ9.eyJzdWIiOiJqdWFucGVyZXoxMjM0NSIsImlhdCI6MTc0Njk2ODc1OCwiZXhwIjoxNzQ3MDU1MTU4LCJyb2xlIjoiQURNSU5JU1RSQVRPUiIsIm5hbWUiOiJKdWFuIFDDqXJleiIsImF1dGhvcml0aWVzIjpbeyJhdXRob3JpdHkiOiJDUkVBVEVfT05FIn0seyJhdXRob3JpdHkiOiJSRUFEX0FMTCJ9LHsiYXV0aG9yaXR5IjoiUkVBRF9PTkUifSx7ImF1dGhvcml0eSI6IlVQREFURV9PTkUifSx7ImF1dGhvcml0eSI6IkRJU0FCTEVfT05FIn0seyJhdXRob3JpdHkiOiJST0xFX0FETUlOSVNUUkFUT1IifV0sInVzZXJuYW1lIjoianVhbnBlcmV6MTIzNDUifQ.BAUaFUfX7dZsyTTSbUtVBuXxkvIRwc9zUg_2SoMiSow','2025-05-12 08:05:58',1,5),(22,'eyJ0eXAiOiJqd3QiLCJhbGciOiJIUzI1NiJ9.eyJzdWIiOiJqdWFucGVyZXoxMjM0NSIsImlhdCI6MTc0Njk2ODc5NSwiZXhwIjoxNzQ3MDU1MTk1LCJyb2xlIjoiQURNSU5JU1RSQVRPUiIsIm5hbWUiOiJKdWFuIFDDqXJleiIsImF1dGhvcml0aWVzIjpbeyJhdXRob3JpdHkiOiJDUkVBVEVfT05FIn0seyJhdXRob3JpdHkiOiJSRUFEX0FMTCJ9LHsiYXV0aG9yaXR5IjoiUkVBRF9PTkUifSx7ImF1dGhvcml0eSI6IlVQREFURV9PTkUifSx7ImF1dGhvcml0eSI6IkRJU0FCTEVfT05FIn0seyJhdXRob3JpdHkiOiJST0xFX0FETUlOSVNUUkFUT1IifV0sInVzZXJuYW1lIjoianVhbnBlcmV6MTIzNDUifQ.RvTDpxKW-1xe9qPdnCHQjtijmGsWltNTfvinkAYSwAk','2025-05-12 08:06:35',1,5),(23,'eyJ0eXAiOiJqd3QiLCJhbGciOiJIUzI1NiJ9.eyJzdWIiOiJqdWFucGVyZXoxMjM0NSIsImlhdCI6MTc0Njk2ODgyMiwiZXhwIjoxNzQ3MDU1MjIyLCJyb2xlIjoiQURNSU5JU1RSQVRPUiIsIm5hbWUiOiJKdWFuIFDDqXJleiIsImF1dGhvcml0aWVzIjpbeyJhdXRob3JpdHkiOiJDUkVBVEVfT05FIn0seyJhdXRob3JpdHkiOiJSRUFEX0FMTCJ9LHsiYXV0aG9yaXR5IjoiUkVBRF9PTkUifSx7ImF1dGhvcml0eSI6IlVQREFURV9PTkUifSx7ImF1dGhvcml0eSI6IkRJU0FCTEVfT05FIn0seyJhdXRob3JpdHkiOiJST0xFX0FETUlOSVNUUkFUT1IifV0sInVzZXJuYW1lIjoianVhbnBlcmV6MTIzNDUifQ.6FFHb2NnndN1vQmRwma-brAaTaXW7IKEUMaf5BeqeWI','2025-05-12 08:07:02',1,5),(24,'eyJ0eXAiOiJqd3QiLCJhbGciOiJIUzI1NiJ9.eyJzdWIiOiJqdWFucGVyZXoxMjM0NSIsImlhdCI6MTc0Njk2OTE4NywiZXhwIjoxNzQ3MDU1NTg3LCJyb2xlIjoiQURNSU5JU1RSQVRPUiIsIm5hbWUiOiJKdWFuIFDDqXJleiIsImF1dGhvcml0aWVzIjpbeyJhdXRob3JpdHkiOiJDUkVBVEVfT05FIn0seyJhdXRob3JpdHkiOiJSRUFEX0FMTCJ9LHsiYXV0aG9yaXR5IjoiUkVBRF9PTkUifSx7ImF1dGhvcml0eSI6IlVQREFURV9PTkUifSx7ImF1dGhvcml0eSI6IkRJU0FCTEVfT05FIn0seyJhdXRob3JpdHkiOiJST0xFX0FETUlOSVNUUkFUT1IifV0sInVzZXJuYW1lIjoianVhbnBlcmV6MTIzNDUifQ.LszrBsM6fBUkpsu_ZzWX4k8Xj2534T_6Q_3YtDqn4sw','2025-05-12 08:13:07',1,5),(25,'eyJ0eXAiOiJqd3QiLCJhbGciOiJIUzI1NiJ9.eyJzdWIiOiJqdWFucGVyZXoxMjM0NSIsImlhdCI6MTc0NzA0NjE2MiwiZXhwIjoxNzQ3MTMyNTYyLCJyb2xlIjoiQURNSU5JU1RSQVRPUiIsIm5hbWUiOiJKdWFuIFDDqXJleiIsImF1dGhvcml0aWVzIjpbeyJhdXRob3JpdHkiOiJDUkVBVEVfT05FIn0seyJhdXRob3JpdHkiOiJSRUFEX0FMTCJ9LHsiYXV0aG9yaXR5IjoiUkVBRF9PTkUifSx7ImF1dGhvcml0eSI6IlVQREFURV9PTkUifSx7ImF1dGhvcml0eSI6IkRJU0FCTEVfT05FIn0seyJhdXRob3JpdHkiOiJST0xFX0FETUlOSVNUUkFUT1IifV0sInVzZXJuYW1lIjoianVhbnBlcmV6MTIzNDUifQ.u5nYNZIiuQgKhduI9W11WtyNPGbv945oEXkMZK1MJ0s','2025-05-13 05:36:02',1,5),(26,'eyJ0eXAiOiJqd3QiLCJhbGciOiJIUzI1NiJ9.eyJzdWIiOiJtYW51ZWwiLCJpYXQiOjE3NDcwNjU4NDQsImV4cCI6MTc0NzE1MjI0NCwicm9sZSI6IkFETUlOSVNUUkFUT1IiLCJuYW1lIjoibWFudWVsIiwiYXV0aG9yaXRpZXMiOlt7ImF1dGhvcml0eSI6IkNSRUFURV9PTkUifSx7ImF1dGhvcml0eSI6IlJFQURfQUxMIn0seyJhdXRob3JpdHkiOiJSRUFEX09ORSJ9LHsiYXV0aG9yaXR5IjoiVVBEQVRFX09ORSJ9LHsiYXV0aG9yaXR5IjoiRElTQUJMRV9PTkUifSx7ImF1dGhvcml0eSI6IlJPTEVfQURNSU5JU1RSQVRPUiJ9XSwidXNlcm5hbWUiOiJtYW51ZWwifQ.sI5il5RkdDNIQRDRBf-8YnJK7zj378CypGfzbR6-0yw','2025-05-13 11:04:04',1,6),(27,'eyJ0eXAiOiJqd3QiLCJhbGciOiJIUzI1NiJ9.eyJzdWIiOiJtYW51ZWwiLCJpYXQiOjE3NDcwNjU4NDUsImV4cCI6MTc0NzE1MjI0NSwicm9sZSI6IkFETUlOSVNUUkFUT1IiLCJuYW1lIjoibWFudWVsIiwiYXV0aG9yaXRpZXMiOlt7ImF1dGhvcml0eSI6IkNSRUFURV9PTkUifSx7ImF1dGhvcml0eSI6IlJFQURfQUxMIn0seyJhdXRob3JpdHkiOiJSRUFEX09ORSJ9LHsiYXV0aG9yaXR5IjoiVVBEQVRFX09ORSJ9LHsiYXV0aG9yaXR5IjoiRElTQUJMRV9PTkUifSx7ImF1dGhvcml0eSI6IlJPTEVfQURNSU5JU1RSQVRPUiJ9XSwidXNlcm5hbWUiOiJtYW51ZWwifQ.C_DPP16HHNx9h5t7jswBTQQneahbjwUFuCuct3IFvF4','2025-05-13 11:04:05',1,6),(28,'eyJ0eXAiOiJqd3QiLCJhbGciOiJIUzI1NiJ9.eyJzdWIiOiJtYW51ZWwiLCJpYXQiOjE3NDcwNjU4ODIsImV4cCI6MTc0NzE1MjI4Miwicm9sZSI6IkFETUlOSVNUUkFUT1IiLCJuYW1lIjoibWFudWVsIiwiYXV0aG9yaXRpZXMiOlt7ImF1dGhvcml0eSI6IkNSRUFURV9PTkUifSx7ImF1dGhvcml0eSI6IlJFQURfQUxMIn0seyJhdXRob3JpdHkiOiJSRUFEX09ORSJ9LHsiYXV0aG9yaXR5IjoiVVBEQVRFX09ORSJ9LHsiYXV0aG9yaXR5IjoiRElTQUJMRV9PTkUifSx7ImF1dGhvcml0eSI6IlJPTEVfQURNSU5JU1RSQVRPUiJ9XSwidXNlcm5hbWUiOiJtYW51ZWwifQ.vruBtgZGwZdC6GkIrNDaOZLzRV5ugTqjKrf8SSkAAAQ','2025-05-13 11:04:42',1,6),(29,'eyJ0eXAiOiJqd3QiLCJhbGciOiJIUzI1NiJ9.eyJzdWIiOiJtYW51ZWwiLCJpYXQiOjE3NDcwNjY5MDAsImV4cCI6MTc0NzE1MzMwMCwicm9sZSI6IkFETUlOSVNUUkFUT1IiLCJuYW1lIjoibWFudWVsIiwiYXV0aG9yaXRpZXMiOlt7ImF1dGhvcml0eSI6IkNSRUFURV9PTkUifSx7ImF1dGhvcml0eSI6IlJFQURfQUxMIn0seyJhdXRob3JpdHkiOiJSRUFEX09ORSJ9LHsiYXV0aG9yaXR5IjoiVVBEQVRFX09ORSJ9LHsiYXV0aG9yaXR5IjoiRElTQUJMRV9PTkUifSx7ImF1dGhvcml0eSI6IlJPTEVfQURNSU5JU1RSQVRPUiJ9XSwidXNlcm5hbWUiOiJtYW51ZWwifQ.NWmp8Qydrz5a7tiWxQjP8I3psBX7DMzfUTI1_tS_GqQ','2025-05-13 11:21:40',1,6),(30,'eyJ0eXAiOiJqd3QiLCJhbGciOiJIUzI1NiJ9.eyJzdWIiOiJtYW51ZWwiLCJpYXQiOjE3NDcwNjY5MDIsImV4cCI6MTc0NzE1MzMwMiwicm9sZSI6IkFETUlOSVNUUkFUT1IiLCJuYW1lIjoibWFudWVsIiwiYXV0aG9yaXRpZXMiOlt7ImF1dGhvcml0eSI6IkNSRUFURV9PTkUifSx7ImF1dGhvcml0eSI6IlJFQURfQUxMIn0seyJhdXRob3JpdHkiOiJSRUFEX09ORSJ9LHsiYXV0aG9yaXR5IjoiVVBEQVRFX09ORSJ9LHsiYXV0aG9yaXR5IjoiRElTQUJMRV9PTkUifSx7ImF1dGhvcml0eSI6IlJPTEVfQURNSU5JU1RSQVRPUiJ9XSwidXNlcm5hbWUiOiJtYW51ZWwifQ.IinUTRYTlXBwrzmuLoTs0e_ODwJx6XstK5oyEbQdhVg','2025-05-13 11:21:42',1,6),(31,'eyJ0eXAiOiJqd3QiLCJhbGciOiJIUzI1NiJ9.eyJzdWIiOiJtYW51ZWwiLCJpYXQiOjE3NDcwNjY5OTEsImV4cCI6MTc0NzE1MzM5MSwicm9sZSI6IkFETUlOSVNUUkFUT1IiLCJuYW1lIjoibWFudWVsIiwiYXV0aG9yaXRpZXMiOlt7ImF1dGhvcml0eSI6IkNSRUFURV9PTkUifSx7ImF1dGhvcml0eSI6IlJFQURfQUxMIn0seyJhdXRob3JpdHkiOiJSRUFEX09ORSJ9LHsiYXV0aG9yaXR5IjoiVVBEQVRFX09ORSJ9LHsiYXV0aG9yaXR5IjoiRElTQUJMRV9PTkUifSx7ImF1dGhvcml0eSI6IlJPTEVfQURNSU5JU1RSQVRPUiJ9XSwidXNlcm5hbWUiOiJtYW51ZWwifQ.hjgziXHKEieM6KB9sdmrLo7YeZTS0jxp-FmpHMaDycI','2025-05-13 11:23:11',1,6),(32,'eyJ0eXAiOiJqd3QiLCJhbGciOiJIUzI1NiJ9.eyJzdWIiOiJtYW51ZWwiLCJpYXQiOjE3NDcwNjcwODUsImV4cCI6MTc0NzE1MzQ4NSwicm9sZSI6IkFETUlOSVNUUkFUT1IiLCJuYW1lIjoibWFudWVsIiwiYXV0aG9yaXRpZXMiOlt7ImF1dGhvcml0eSI6IkNSRUFURV9PTkUifSx7ImF1dGhvcml0eSI6IlJFQURfQUxMIn0seyJhdXRob3JpdHkiOiJSRUFEX09ORSJ9LHsiYXV0aG9yaXR5IjoiVVBEQVRFX09ORSJ9LHsiYXV0aG9yaXR5IjoiRElTQUJMRV9PTkUifSx7ImF1dGhvcml0eSI6IlJPTEVfQURNSU5JU1RSQVRPUiJ9XSwidXNlcm5hbWUiOiJtYW51ZWwifQ.pj_5RotHqut3Gq-0NvtOh7cSXKsEMs3C6KUT1Zy9ORw','2025-05-13 11:24:45',1,6),(33,'eyJ0eXAiOiJqd3QiLCJhbGciOiJIUzI1NiJ9.eyJzdWIiOiJtYW51ZWwiLCJpYXQiOjE3NDcwNjcxNjMsImV4cCI6MTc0NzE1MzU2Mywicm9sZSI6IkFETUlOSVNUUkFUT1IiLCJuYW1lIjoibWFudWVsIiwiYXV0aG9yaXRpZXMiOlt7ImF1dGhvcml0eSI6IkNSRUFURV9PTkUifSx7ImF1dGhvcml0eSI6IlJFQURfQUxMIn0seyJhdXRob3JpdHkiOiJSRUFEX09ORSJ9LHsiYXV0aG9yaXR5IjoiVVBEQVRFX09ORSJ9LHsiYXV0aG9yaXR5IjoiRElTQUJMRV9PTkUifSx7ImF1dGhvcml0eSI6IlJPTEVfQURNSU5JU1RSQVRPUiJ9XSwidXNlcm5hbWUiOiJtYW51ZWwifQ.dnXG0AGkfJS8csBO762mYfYBcChEfpTMgVeyynHbTIA','2025-05-13 11:26:03',1,6),(34,'eyJ0eXAiOiJqd3QiLCJhbGciOiJIUzI1NiJ9.eyJzdWIiOiJtYW51ZWwiLCJpYXQiOjE3NDcwNjcxNzIsImV4cCI6MTc0NzE1MzU3Miwicm9sZSI6IkFETUlOSVNUUkFUT1IiLCJuYW1lIjoibWFudWVsIiwiYXV0aG9yaXRpZXMiOlt7ImF1dGhvcml0eSI6IkNSRUFURV9PTkUifSx7ImF1dGhvcml0eSI6IlJFQURfQUxMIn0seyJhdXRob3JpdHkiOiJSRUFEX09ORSJ9LHsiYXV0aG9yaXR5IjoiVVBEQVRFX09ORSJ9LHsiYXV0aG9yaXR5IjoiRElTQUJMRV9PTkUifSx7ImF1dGhvcml0eSI6IlJPTEVfQURNSU5JU1RSQVRPUiJ9XSwidXNlcm5hbWUiOiJtYW51ZWwifQ.dBPekpS4bLThFRnH66n_9Q35FUketp0gREpOQcWk9-k','2025-05-13 11:26:12',1,6),(35,'eyJ0eXAiOiJqd3QiLCJhbGciOiJIUzI1NiJ9.eyJzdWIiOiJtYW51ZWwiLCJpYXQiOjE3NDcwNjcyNjQsImV4cCI6MTc0NzE1MzY2NCwicm9sZSI6IkFETUlOSVNUUkFUT1IiLCJuYW1lIjoibWFudWVsIiwiYXV0aG9yaXRpZXMiOlt7ImF1dGhvcml0eSI6IkNSRUFURV9PTkUifSx7ImF1dGhvcml0eSI6IlJFQURfQUxMIn0seyJhdXRob3JpdHkiOiJSRUFEX09ORSJ9LHsiYXV0aG9yaXR5IjoiVVBEQVRFX09ORSJ9LHsiYXV0aG9yaXR5IjoiRElTQUJMRV9PTkUifSx7ImF1dGhvcml0eSI6IlJPTEVfQURNSU5JU1RSQVRPUiJ9XSwidXNlcm5hbWUiOiJtYW51ZWwifQ.syj_g4vg6_oOtg-wn33JexPMBnhe31l77UjD26XE4EE','2025-05-13 11:27:44',1,6),(36,'eyJ0eXAiOiJqd3QiLCJhbGciOiJIUzI1NiJ9.eyJzdWIiOiJtYW51ZWwiLCJpYXQiOjE3NDcwNzQyNjUsImV4cCI6MTc0NzE2MDY2NSwicm9sZSI6IkFETUlOSVNUUkFUT1IiLCJuYW1lIjoibWFudWVsIiwiYXV0aG9yaXRpZXMiOlt7ImF1dGhvcml0eSI6IkNSRUFURV9PTkUifSx7ImF1dGhvcml0eSI6IlJFQURfQUxMIn0seyJhdXRob3JpdHkiOiJSRUFEX09ORSJ9LHsiYXV0aG9yaXR5IjoiVVBEQVRFX09ORSJ9LHsiYXV0aG9yaXR5IjoiRElTQUJMRV9PTkUifSx7ImF1dGhvcml0eSI6IlJPTEVfQURNSU5JU1RSQVRPUiJ9XSwidXNlcm5hbWUiOiJtYW51ZWwifQ._xo66ml00Fjyds8_RhFpVwHIjYPLPlNTKxHp-AAYRsM','2025-05-13 13:24:25',1,6),(37,'eyJ0eXAiOiJqd3QiLCJhbGciOiJIUzI1NiJ9.eyJzdWIiOiJtYW51ZWwiLCJpYXQiOjE3NDcwNzUwNzAsImV4cCI6MTc0NzE2MTQ3MCwicm9sZSI6IkFETUlOSVNUUkFUT1IiLCJuYW1lIjoibWFudWVsIiwiYXV0aG9yaXRpZXMiOlt7ImF1dGhvcml0eSI6IkNSRUFURV9PTkUifSx7ImF1dGhvcml0eSI6IlJFQURfQUxMIn0seyJhdXRob3JpdHkiOiJSRUFEX09ORSJ9LHsiYXV0aG9yaXR5IjoiVVBEQVRFX09ORSJ9LHsiYXV0aG9yaXR5IjoiRElTQUJMRV9PTkUifSx7ImF1dGhvcml0eSI6IlJPTEVfQURNSU5JU1RSQVRPUiJ9XSwidXNlcm5hbWUiOiJtYW51ZWwifQ.47hvMOK4IbVS2wmHRBN1bdLZ78TGgGVuihMrN1ph0GU','2025-05-13 13:37:50',1,6),(38,'eyJ0eXAiOiJqd3QiLCJhbGciOiJIUzI1NiJ9.eyJzdWIiOiJtYW51ZWwiLCJpYXQiOjE3NDcwNzU3MzEsImV4cCI6MTc0NzE2MjEzMSwicm9sZSI6IkFETUlOSVNUUkFUT1IiLCJuYW1lIjoibWFudWVsIiwiYXV0aG9yaXRpZXMiOlt7ImF1dGhvcml0eSI6IkNSRUFURV9PTkUifSx7ImF1dGhvcml0eSI6IlJFQURfQUxMIn0seyJhdXRob3JpdHkiOiJSRUFEX09ORSJ9LHsiYXV0aG9yaXR5IjoiVVBEQVRFX09ORSJ9LHsiYXV0aG9yaXR5IjoiRElTQUJMRV9PTkUifSx7ImF1dGhvcml0eSI6IlJPTEVfQURNSU5JU1RSQVRPUiJ9XSwidXNlcm5hbWUiOiJtYW51ZWwifQ.3xxm0MRkbko7MGNmTiBgdPp_Zh7-RSLfCgNeSVtDeSk','2025-05-13 13:48:51',1,6),(39,'eyJ0eXAiOiJqd3QiLCJhbGciOiJIUzI1NiJ9.eyJzdWIiOiJtYW51ZWwiLCJpYXQiOjE3NDcwNzU3NjUsImV4cCI6MTc0NzE2MjE2NSwicm9sZSI6IkFETUlOSVNUUkFUT1IiLCJuYW1lIjoibWFudWVsIiwiYXV0aG9yaXRpZXMiOlt7ImF1dGhvcml0eSI6IkNSRUFURV9PTkUifSx7ImF1dGhvcml0eSI6IlJFQURfQUxMIn0seyJhdXRob3JpdHkiOiJSRUFEX09ORSJ9LHsiYXV0aG9yaXR5IjoiVVBEQVRFX09ORSJ9LHsiYXV0aG9yaXR5IjoiRElTQUJMRV9PTkUifSx7ImF1dGhvcml0eSI6IlJPTEVfQURNSU5JU1RSQVRPUiJ9XSwidXNlcm5hbWUiOiJtYW51ZWwifQ.BO5FaNTtQ62asye03ZVWfRxBeVHC6jhUcN9yRXSl8DI','2025-05-13 13:49:25',1,6),(40,'eyJ0eXAiOiJqd3QiLCJhbGciOiJIUzI1NiJ9.eyJzdWIiOiJtYW51ZWwiLCJpYXQiOjE3NDcwNzU4MTgsImV4cCI6MTc0NzE2MjIxOCwicm9sZSI6IkFETUlOSVNUUkFUT1IiLCJuYW1lIjoibWFudWVsIiwiYXV0aG9yaXRpZXMiOlt7ImF1dGhvcml0eSI6IkNSRUFURV9PTkUifSx7ImF1dGhvcml0eSI6IlJFQURfQUxMIn0seyJhdXRob3JpdHkiOiJSRUFEX09ORSJ9LHsiYXV0aG9yaXR5IjoiVVBEQVRFX09ORSJ9LHsiYXV0aG9yaXR5IjoiRElTQUJMRV9PTkUifSx7ImF1dGhvcml0eSI6IlJPTEVfQURNSU5JU1RSQVRPUiJ9XSwidXNlcm5hbWUiOiJtYW51ZWwifQ.RRr3s3CO5QVIX1pz3mwToSac7bIVoLNIzwc1stBBxKI','2025-05-13 13:50:18',1,6),(41,'eyJ0eXAiOiJqd3QiLCJhbGciOiJIUzI1NiJ9.eyJzdWIiOiJtYW51ZWwiLCJpYXQiOjE3NDcwNzU4NTcsImV4cCI6MTc0NzE2MjI1Nywicm9sZSI6IkFETUlOSVNUUkFUT1IiLCJuYW1lIjoibWFudWVsIiwiYXV0aG9yaXRpZXMiOlt7ImF1dGhvcml0eSI6IkNSRUFURV9PTkUifSx7ImF1dGhvcml0eSI6IlJFQURfQUxMIn0seyJhdXRob3JpdHkiOiJSRUFEX09ORSJ9LHsiYXV0aG9yaXR5IjoiVVBEQVRFX09ORSJ9LHsiYXV0aG9yaXR5IjoiRElTQUJMRV9PTkUifSx7ImF1dGhvcml0eSI6IlJPTEVfQURNSU5JU1RSQVRPUiJ9XSwidXNlcm5hbWUiOiJtYW51ZWwifQ.ptSpYpvQNDqxVqfFhftnFn-WkoWVVhx6EuyL7RmSBS0','2025-05-13 13:50:57',1,6),(42,'eyJ0eXAiOiJqd3QiLCJhbGciOiJIUzI1NiJ9.eyJzdWIiOiJtYW51ZWwiLCJpYXQiOjE3NDcwNzU5ODMsImV4cCI6MTc0NzE2MjM4Mywicm9sZSI6IkFETUlOSVNUUkFUT1IiLCJuYW1lIjoibWFudWVsIiwiYXV0aG9yaXRpZXMiOlt7ImF1dGhvcml0eSI6IkNSRUFURV9PTkUifSx7ImF1dGhvcml0eSI6IlJFQURfQUxMIn0seyJhdXRob3JpdHkiOiJSRUFEX09ORSJ9LHsiYXV0aG9yaXR5IjoiVVBEQVRFX09ORSJ9LHsiYXV0aG9yaXR5IjoiRElTQUJMRV9PTkUifSx7ImF1dGhvcml0eSI6IlJPTEVfQURNSU5JU1RSQVRPUiJ9XSwidXNlcm5hbWUiOiJtYW51ZWwifQ._gNSFEyrp8bq_lsaxIKnWAfEZepT3BvX9qIrol1-zpI','2025-05-13 13:53:03',1,6),(43,'eyJ0eXAiOiJqd3QiLCJhbGciOiJIUzI1NiJ9.eyJzdWIiOiJtYW51ZWwiLCJpYXQiOjE3NDcwNzYwODMsImV4cCI6MTc0NzE2MjQ4Mywicm9sZSI6IkFETUlOSVNUUkFUT1IiLCJuYW1lIjoibWFudWVsIiwiYXV0aG9yaXRpZXMiOlt7ImF1dGhvcml0eSI6IkNSRUFURV9PTkUifSx7ImF1dGhvcml0eSI6IlJFQURfQUxMIn0seyJhdXRob3JpdHkiOiJSRUFEX09ORSJ9LHsiYXV0aG9yaXR5IjoiVVBEQVRFX09ORSJ9LHsiYXV0aG9yaXR5IjoiRElTQUJMRV9PTkUifSx7ImF1dGhvcml0eSI6IlJPTEVfQURNSU5JU1RSQVRPUiJ9XSwidXNlcm5hbWUiOiJtYW51ZWwifQ.O_qTC5yTQhqVdlNLh7ySBBkY7McJi_i8MQ2KwxgOgws','2025-05-13 13:54:43',1,6),(44,'eyJ0eXAiOiJqd3QiLCJhbGciOiJIUzI1NiJ9.eyJzdWIiOiJtYW51ZWwiLCJpYXQiOjE3NDcwNzYzMzMsImV4cCI6MTc0NzE2MjczMywicm9sZSI6IkFETUlOSVNUUkFUT1IiLCJuYW1lIjoibWFudWVsIiwiYXV0aG9yaXRpZXMiOlt7ImF1dGhvcml0eSI6IkNSRUFURV9PTkUifSx7ImF1dGhvcml0eSI6IlJFQURfQUxMIn0seyJhdXRob3JpdHkiOiJSRUFEX09ORSJ9LHsiYXV0aG9yaXR5IjoiVVBEQVRFX09ORSJ9LHsiYXV0aG9yaXR5IjoiRElTQUJMRV9PTkUifSx7ImF1dGhvcml0eSI6IlJPTEVfQURNSU5JU1RSQVRPUiJ9XSwidXNlcm5hbWUiOiJtYW51ZWwifQ.ZRQv4lJAJoGlDgeKjOO1Kvzw0YEv049ls3QpfkgHSx8','2025-05-13 13:58:53',1,6),(45,'eyJ0eXAiOiJqd3QiLCJhbGciOiJIUzI1NiJ9.eyJzdWIiOiJtYW51ZWwiLCJpYXQiOjE3NDcwNzYzOTQsImV4cCI6MTc0NzE2Mjc5NCwicm9sZSI6IkFETUlOSVNUUkFUT1IiLCJuYW1lIjoibWFudWVsIiwiYXV0aG9yaXRpZXMiOlt7ImF1dGhvcml0eSI6IkNSRUFURV9PTkUifSx7ImF1dGhvcml0eSI6IlJFQURfQUxMIn0seyJhdXRob3JpdHkiOiJSRUFEX09ORSJ9LHsiYXV0aG9yaXR5IjoiVVBEQVRFX09ORSJ9LHsiYXV0aG9yaXR5IjoiRElTQUJMRV9PTkUifSx7ImF1dGhvcml0eSI6IlJPTEVfQURNSU5JU1RSQVRPUiJ9XSwidXNlcm5hbWUiOiJtYW51ZWwifQ.tQf8Py-qprNwHB5BqklyMkjngiV2EMUBIBYJK6oJtBs','2025-05-13 13:59:54',1,6),(46,'eyJ0eXAiOiJqd3QiLCJhbGciOiJIUzI1NiJ9.eyJzdWIiOiJtYW51ZWwiLCJpYXQiOjE3NDcwNzY0NTAsImV4cCI6MTc0NzE2Mjg1MCwicm9sZSI6IkFETUlOSVNUUkFUT1IiLCJuYW1lIjoibWFudWVsIiwiYXV0aG9yaXRpZXMiOlt7ImF1dGhvcml0eSI6IkNSRUFURV9PTkUifSx7ImF1dGhvcml0eSI6IlJFQURfQUxMIn0seyJhdXRob3JpdHkiOiJSRUFEX09ORSJ9LHsiYXV0aG9yaXR5IjoiVVBEQVRFX09ORSJ9LHsiYXV0aG9yaXR5IjoiRElTQUJMRV9PTkUifSx7ImF1dGhvcml0eSI6IlJPTEVfQURNSU5JU1RSQVRPUiJ9XSwidXNlcm5hbWUiOiJtYW51ZWwifQ.oCdjPSLL8tHnPe5CIPY3i4FghmbArmlHgY5flq5LWQA','2025-05-13 14:00:50',1,6),(47,'eyJ0eXAiOiJqd3QiLCJhbGciOiJIUzI1NiJ9.eyJzdWIiOiJtYW51ZWwiLCJpYXQiOjE3NDcwNzY3MzMsImV4cCI6MTc0NzE2MzEzMywicm9sZSI6IkFETUlOSVNUUkFUT1IiLCJuYW1lIjoibWFudWVsIiwiYXV0aG9yaXRpZXMiOlt7ImF1dGhvcml0eSI6IkNSRUFURV9PTkUifSx7ImF1dGhvcml0eSI6IlJFQURfQUxMIn0seyJhdXRob3JpdHkiOiJSRUFEX09ORSJ9LHsiYXV0aG9yaXR5IjoiVVBEQVRFX09ORSJ9LHsiYXV0aG9yaXR5IjoiRElTQUJMRV9PTkUifSx7ImF1dGhvcml0eSI6IlJPTEVfQURNSU5JU1RSQVRPUiJ9XSwidXNlcm5hbWUiOiJtYW51ZWwifQ.ZhomkTo2nqK3pFoNMM_lWvn-B9Sxy1XzhwyE93BOnuU','2025-05-13 14:05:33',1,6),(48,'eyJ0eXAiOiJqd3QiLCJhbGciOiJIUzI1NiJ9.eyJzdWIiOiJqdWFucGVyZXoxMjM0NSIsImlhdCI6MTc0NzA3OTE3NywiZXhwIjoxNzQ3MTY1NTc3LCJyb2xlIjoiQURNSU5JU1RSQVRPUiIsIm5hbWUiOiJKdWFuIFDDqXJleiIsImF1dGhvcml0aWVzIjpbeyJhdXRob3JpdHkiOiJDUkVBVEVfT05FIn0seyJhdXRob3JpdHkiOiJSRUFEX0FMTCJ9LHsiYXV0aG9yaXR5IjoiUkVBRF9PTkUifSx7ImF1dGhvcml0eSI6IlVQREFURV9PTkUifSx7ImF1dGhvcml0eSI6IkRJU0FCTEVfT05FIn0seyJhdXRob3JpdHkiOiJST0xFX0FETUlOSVNUUkFUT1IifV0sInVzZXJuYW1lIjoianVhbnBlcmV6MTIzNDUifQ.IHJaR_Vo4U5Qx1hp8bP8qhGussOr5ZIbrc4N0mxx0UA','2025-05-13 14:46:17',1,5),(49,'eyJ0eXAiOiJqd3QiLCJhbGciOiJIUzI1NiJ9.eyJzdWIiOiJqdWFucGVyZXoxMjM0NSIsImlhdCI6MTc0NzA3OTQ5MSwiZXhwIjoxNzQ3MTY1ODkxLCJyb2xlIjoiQURNSU5JU1RSQVRPUiIsIm5hbWUiOiJKdWFuIFDDqXJleiIsImF1dGhvcml0aWVzIjpbeyJhdXRob3JpdHkiOiJDUkVBVEVfT05FIn0seyJhdXRob3JpdHkiOiJSRUFEX0FMTCJ9LHsiYXV0aG9yaXR5IjoiUkVBRF9PTkUifSx7ImF1dGhvcml0eSI6IlVQREFURV9PTkUifSx7ImF1dGhvcml0eSI6IkRJU0FCTEVfT05FIn0seyJhdXRob3JpdHkiOiJST0xFX0FETUlOSVNUUkFUT1IifV0sInVzZXJuYW1lIjoianVhbnBlcmV6MTIzNDUifQ.utM1cp6NikeqH7u6ANdeGqJKEuUrJLmuyyKPse0gFN0','2025-05-13 14:51:31',1,5),(50,'eyJ0eXAiOiJqd3QiLCJhbGciOiJIUzI1NiJ9.eyJzdWIiOiJqdWFucGVyZXoxMjM0NSIsImlhdCI6MTc0NzA3OTU0NywiZXhwIjoxNzQ3MTY1OTQ3LCJyb2xlIjoiQURNSU5JU1RSQVRPUiIsIm5hbWUiOiJKdWFuIFDDqXJleiIsImF1dGhvcml0aWVzIjpbeyJhdXRob3JpdHkiOiJDUkVBVEVfT05FIn0seyJhdXRob3JpdHkiOiJSRUFEX0FMTCJ9LHsiYXV0aG9yaXR5IjoiUkVBRF9PTkUifSx7ImF1dGhvcml0eSI6IlVQREFURV9PTkUifSx7ImF1dGhvcml0eSI6IkRJU0FCTEVfT05FIn0seyJhdXRob3JpdHkiOiJST0xFX0FETUlOSVNUUkFUT1IifV0sInVzZXJuYW1lIjoianVhbnBlcmV6MTIzNDUifQ.KW2VkcwKtw9zmiaf7i-Xk3-MT8MEuXJmVIRkJAimzYo','2025-05-13 14:52:27',0,5),(51,'eyJ0eXAiOiJqd3QiLCJhbGciOiJIUzI1NiJ9.eyJzdWIiOiJtYW51ZWwiLCJpYXQiOjE3NDcxNDQ5MzksImV4cCI6MTc0NzIzMTMzOSwicm9sZSI6IkFETUlOSVNUUkFUT1IiLCJuYW1lIjoibWFudWVsIiwiYXV0aG9yaXRpZXMiOlt7ImF1dGhvcml0eSI6IkNSRUFURV9PTkUifSx7ImF1dGhvcml0eSI6IlJFQURfQUxMIn0seyJhdXRob3JpdHkiOiJSRUFEX09ORSJ9LHsiYXV0aG9yaXR5IjoiVVBEQVRFX09ORSJ9LHsiYXV0aG9yaXR5IjoiRElTQUJMRV9PTkUifSx7ImF1dGhvcml0eSI6IlJPTEVfQURNSU5JU1RSQVRPUiJ9XSwidXNlcm5hbWUiOiJtYW51ZWwifQ.CPCgClUuni9pz1JXiA8HJ2QXV3IDkd_TWEb08GBZ2CE','2025-05-14 09:02:19',1,6),(52,'eyJ0eXAiOiJqd3QiLCJhbGciOiJIUzI1NiJ9.eyJzdWIiOiJtYW51ZWwiLCJpYXQiOjE3NDcxNDUwNTEsImV4cCI6MTc0NzIzMTQ1MSwicm9sZSI6IkFETUlOSVNUUkFUT1IiLCJuYW1lIjoibWFudWVsIiwiYXV0aG9yaXRpZXMiOlt7ImF1dGhvcml0eSI6IkNSRUFURV9PTkUifSx7ImF1dGhvcml0eSI6IlJFQURfQUxMIn0seyJhdXRob3JpdHkiOiJSRUFEX09ORSJ9LHsiYXV0aG9yaXR5IjoiVVBEQVRFX09ORSJ9LHsiYXV0aG9yaXR5IjoiRElTQUJMRV9PTkUifSx7ImF1dGhvcml0eSI6IlJPTEVfQURNSU5JU1RSQVRPUiJ9XSwidXNlcm5hbWUiOiJtYW51ZWwifQ.vZCK4cC9F4VS_zqmW1VjP_CQJbwW4BppJeF9h_6cyrU','2025-05-14 09:04:11',1,6),(53,'eyJ0eXAiOiJqd3QiLCJhbGciOiJIUzI1NiJ9.eyJzdWIiOiJtYW51ZWwiLCJpYXQiOjE3NDcxNDU4NzksImV4cCI6MTc0NzIzMjI3OSwicm9sZSI6IkFETUlOSVNUUkFUT1IiLCJuYW1lIjoibWFudWVsIiwiYXV0aG9yaXRpZXMiOlt7ImF1dGhvcml0eSI6IkNSRUFURV9PTkUifSx7ImF1dGhvcml0eSI6IlJFQURfQUxMIn0seyJhdXRob3JpdHkiOiJSRUFEX09ORSJ9LHsiYXV0aG9yaXR5IjoiVVBEQVRFX09ORSJ9LHsiYXV0aG9yaXR5IjoiRElTQUJMRV9PTkUifSx7ImF1dGhvcml0eSI6IlJPTEVfQURNSU5JU1RSQVRPUiJ9XSwidXNlcm5hbWUiOiJtYW51ZWwifQ.C_qePW6mpkwzqaEz8bx27zoiWNaYkuiOZHkYMLEn024','2025-05-14 09:17:59',1,6),(54,'eyJ0eXAiOiJqd3QiLCJhbGciOiJIUzI1NiJ9.eyJzdWIiOiJtYW51ZWwiLCJpYXQiOjE3NDcxNDcxMjQsImV4cCI6MTc0NzIzMzUyNCwicm9sZSI6IkFETUlOSVNUUkFUT1IiLCJuYW1lIjoibWFudWVsIiwiYXV0aG9yaXRpZXMiOlt7ImF1dGhvcml0eSI6IkNSRUFURV9PTkUifSx7ImF1dGhvcml0eSI6IlJFQURfQUxMIn0seyJhdXRob3JpdHkiOiJSRUFEX09ORSJ9LHsiYXV0aG9yaXR5IjoiVVBEQVRFX09ORSJ9LHsiYXV0aG9yaXR5IjoiRElTQUJMRV9PTkUifSx7ImF1dGhvcml0eSI6IlJPTEVfQURNSU5JU1RSQVRPUiJ9XSwidXNlcm5hbWUiOiJtYW51ZWwifQ.e8bbOWWEMHSsVvKgfzckFOw_OWHQiO4MjRwCuhnJhMI','2025-05-14 09:38:44',1,6),(55,'eyJ0eXAiOiJqd3QiLCJhbGciOiJIUzI1NiJ9.eyJzdWIiOiJtYW51ZWwiLCJpYXQiOjE3NDcxNDczODIsImV4cCI6MTc0NzIzMzc4Miwicm9sZSI6IkFETUlOSVNUUkFUT1IiLCJuYW1lIjoibWFudWVsIiwiYXV0aG9yaXRpZXMiOlt7ImF1dGhvcml0eSI6IkNSRUFURV9PTkUifSx7ImF1dGhvcml0eSI6IlJFQURfQUxMIn0seyJhdXRob3JpdHkiOiJSRUFEX09ORSJ9LHsiYXV0aG9yaXR5IjoiVVBEQVRFX09ORSJ9LHsiYXV0aG9yaXR5IjoiRElTQUJMRV9PTkUifSx7ImF1dGhvcml0eSI6IlJPTEVfQURNSU5JU1RSQVRPUiJ9XSwidXNlcm5hbWUiOiJtYW51ZWwifQ.J0FsuYs9zKYhnXivMatXaz2XLXJ5diKHYbIIiDsU2Gs','2025-05-14 09:43:02',1,6),(56,'eyJ0eXAiOiJqd3QiLCJhbGciOiJIUzI1NiJ9.eyJzdWIiOiJtYW51ZWwiLCJpYXQiOjE3NDcxNDc3MTUsImV4cCI6MTc0NzIzNDExNSwicm9sZSI6IkFETUlOSVNUUkFUT1IiLCJuYW1lIjoibWFudWVsIiwiYXV0aG9yaXRpZXMiOlt7ImF1dGhvcml0eSI6IkNSRUFURV9PTkUifSx7ImF1dGhvcml0eSI6IlJFQURfQUxMIn0seyJhdXRob3JpdHkiOiJSRUFEX09ORSJ9LHsiYXV0aG9yaXR5IjoiVVBEQVRFX09ORSJ9LHsiYXV0aG9yaXR5IjoiRElTQUJMRV9PTkUifSx7ImF1dGhvcml0eSI6IlJPTEVfQURNSU5JU1RSQVRPUiJ9XSwidXNlcm5hbWUiOiJtYW51ZWwifQ.RSHiwaqmH66104LnKwJ6ghulWkz1y2xaxwE1d0q2p3U','2025-05-14 09:48:35',1,6),(57,'eyJ0eXAiOiJqd3QiLCJhbGciOiJIUzI1NiJ9.eyJzdWIiOiJtYW51ZWwiLCJpYXQiOjE3NDcxNDc3ODAsImV4cCI6MTc0NzIzNDE4MCwicm9sZSI6IkFETUlOSVNUUkFUT1IiLCJuYW1lIjoibWFudWVsIiwiYXV0aG9yaXRpZXMiOlt7ImF1dGhvcml0eSI6IkNSRUFURV9PTkUifSx7ImF1dGhvcml0eSI6IlJFQURfQUxMIn0seyJhdXRob3JpdHkiOiJSRUFEX09ORSJ9LHsiYXV0aG9yaXR5IjoiVVBEQVRFX09ORSJ9LHsiYXV0aG9yaXR5IjoiRElTQUJMRV9PTkUifSx7ImF1dGhvcml0eSI6IlJPTEVfQURNSU5JU1RSQVRPUiJ9XSwidXNlcm5hbWUiOiJtYW51ZWwifQ.tRGcZ8mr9URfBFGWQd_bRBfsuizb5_eEAY5v2PZuKB4','2025-05-14 09:49:40',1,6),(58,'eyJ0eXAiOiJqd3QiLCJhbGciOiJIUzI1NiJ9.eyJzdWIiOiJtYW51ZWwiLCJpYXQiOjE3NDcxNTUzMzIsImV4cCI6MTc0NzI0MTczMiwicm9sZSI6IkFETUlOSVNUUkFUT1IiLCJuYW1lIjoibWFudWVsIiwiYXV0aG9yaXRpZXMiOlt7ImF1dGhvcml0eSI6IkNSRUFURV9PTkUifSx7ImF1dGhvcml0eSI6IlJFQURfQUxMIn0seyJhdXRob3JpdHkiOiJSRUFEX09ORSJ9LHsiYXV0aG9yaXR5IjoiVVBEQVRFX09ORSJ9LHsiYXV0aG9yaXR5IjoiRElTQUJMRV9PTkUifSx7ImF1dGhvcml0eSI6IlJPTEVfQURNSU5JU1RSQVRPUiJ9XSwidXNlcm5hbWUiOiJtYW51ZWwifQ.RQJoBvR-M6RM8rqIeRcGRha2MHNpViCy8FJ3XIcVQvk','2025-05-14 11:55:32',1,6),(59,'eyJ0eXAiOiJqd3QiLCJhbGciOiJIUzI1NiJ9.eyJzdWIiOiJqdWFucGVyZXoxMjM0NSIsImlhdCI6MTc0NzE3MDE1NCwiZXhwIjoxNzQ3MjU2NTU0LCJyb2xlIjoiQURNSU5JU1RSQVRPUiIsIm5hbWUiOiJKdWFuIFDDqXJleiIsImF1dGhvcml0aWVzIjpbeyJhdXRob3JpdHkiOiJDUkVBVEVfT05FIn0seyJhdXRob3JpdHkiOiJSRUFEX0FMTCJ9LHsiYXV0aG9yaXR5IjoiUkVBRF9PTkUifSx7ImF1dGhvcml0eSI6IlVQREFURV9PTkUifSx7ImF1dGhvcml0eSI6IkRJU0FCTEVfT05FIn0seyJhdXRob3JpdHkiOiJST0xFX0FETUlOSVNUUkFUT1IifV0sInVzZXJuYW1lIjoianVhbnBlcmV6MTIzNDUifQ.XegGw0dgWQOZ4Gg_PXkUf6l8GmXgeyq_oPwXtNuVd0c','2025-05-14 16:02:34',0,5),(60,'eyJ0eXAiOiJqd3QiLCJhbGciOiJIUzI1NiJ9.eyJzdWIiOiJtYW51ZWwiLCJpYXQiOjE3NDcyMjUyOTUsImV4cCI6MTc0NzMxMTY5NSwicm9sZSI6IkFETUlOSVNUUkFUT1IiLCJuYW1lIjoibWFudWVsIiwiYXV0aG9yaXRpZXMiOlt7ImF1dGhvcml0eSI6IkNSRUFURV9PTkUifSx7ImF1dGhvcml0eSI6IlJFQURfQUxMIn0seyJhdXRob3JpdHkiOiJSRUFEX09ORSJ9LHsiYXV0aG9yaXR5IjoiVVBEQVRFX09ORSJ9LHsiYXV0aG9yaXR5IjoiRElTQUJMRV9PTkUifSx7ImF1dGhvcml0eSI6IlJPTEVfQURNSU5JU1RSQVRPUiJ9XSwidXNlcm5hbWUiOiJtYW51ZWwifQ.XZj-mca8ZY1iP4Exb8Hm-brUeaWGY3xISR9QS5bj7ig','2025-05-15 07:21:35',1,6),(61,'eyJ0eXAiOiJqd3QiLCJhbGciOiJIUzI1NiJ9.eyJzdWIiOiJtYW51ZWwiLCJpYXQiOjE3NDcyMzY4NjIsImV4cCI6MTc0NzMyMzI2Miwicm9sZSI6IkFETUlOSVNUUkFUT1IiLCJuYW1lIjoibWFudWVsIiwiYXV0aG9yaXRpZXMiOlt7ImF1dGhvcml0eSI6IkNSRUFURV9PTkUifSx7ImF1dGhvcml0eSI6IlJFQURfQUxMIn0seyJhdXRob3JpdHkiOiJSRUFEX09ORSJ9LHsiYXV0aG9yaXR5IjoiVVBEQVRFX09ORSJ9LHsiYXV0aG9yaXR5IjoiRElTQUJMRV9PTkUifSx7ImF1dGhvcml0eSI6IlJPTEVfQURNSU5JU1RSQVRPUiJ9XSwidXNlcm5hbWUiOiJtYW51ZWwifQ.zc9bdJG6jKU7peZ2cs0vYMBbW-nCfunhX0Xg1UPVi4g','2025-05-15 10:34:22',1,6),(62,'eyJ0eXAiOiJqd3QiLCJhbGciOiJIUzI1NiJ9.eyJzdWIiOiJtYW51ZWwiLCJpYXQiOjE3NDcyNDA1MzUsImV4cCI6MTc0NzMyNjkzNSwicm9sZSI6IkFETUlOSVNUUkFUT1IiLCJuYW1lIjoibWFudWVsIiwiYXV0aG9yaXRpZXMiOlt7ImF1dGhvcml0eSI6IkNSRUFURV9PTkUifSx7ImF1dGhvcml0eSI6IlJFQURfQUxMIn0seyJhdXRob3JpdHkiOiJSRUFEX09ORSJ9LHsiYXV0aG9yaXR5IjoiVVBEQVRFX09ORSJ9LHsiYXV0aG9yaXR5IjoiRElTQUJMRV9PTkUifSx7ImF1dGhvcml0eSI6IlJPTEVfQURNSU5JU1RSQVRPUiJ9XSwidXNlcm5hbWUiOiJtYW51ZWwifQ.oN-bsFjXSEPmTnj9zrtCOE00u3pBWBnmyjchAuSRZvg','2025-05-15 11:35:35',1,6),(63,'eyJ0eXAiOiJqd3QiLCJhbGciOiJIUzI1NiJ9.eyJzdWIiOiJtYW51ZWwiLCJpYXQiOjE3NDcyNDMwNDMsImV4cCI6MTc0NzMyOTQ0Mywicm9sZSI6IkFETUlOSVNUUkFUT1IiLCJuYW1lIjoibWFudWVsIiwiYXV0aG9yaXRpZXMiOlt7ImF1dGhvcml0eSI6IkNSRUFURV9PTkUifSx7ImF1dGhvcml0eSI6IlJFQURfQUxMIn0seyJhdXRob3JpdHkiOiJSRUFEX09ORSJ9LHsiYXV0aG9yaXR5IjoiVVBEQVRFX09ORSJ9LHsiYXV0aG9yaXR5IjoiRElTQUJMRV9PTkUifSx7ImF1dGhvcml0eSI6IlJPTEVfQURNSU5JU1RSQVRPUiJ9XSwidXNlcm5hbWUiOiJtYW51ZWwifQ.YzhJLeOcaJAuD1C22PhSlM31GtzTvuiD5NINt5CCsCc','2025-05-15 12:17:23',1,6),(64,'eyJ0eXAiOiJqd3QiLCJhbGciOiJIUzI1NiJ9.eyJzdWIiOiJtYW51ZWwiLCJpYXQiOjE3NDcyNDM3MTksImV4cCI6MTc0NzMzMDExOSwicm9sZSI6IkFETUlOSVNUUkFUT1IiLCJuYW1lIjoibWFudWVsIiwiYXV0aG9yaXRpZXMiOlt7ImF1dGhvcml0eSI6IkNSRUFURV9PTkUifSx7ImF1dGhvcml0eSI6IlJFQURfQUxMIn0seyJhdXRob3JpdHkiOiJSRUFEX09ORSJ9LHsiYXV0aG9yaXR5IjoiVVBEQVRFX09ORSJ9LHsiYXV0aG9yaXR5IjoiRElTQUJMRV9PTkUifSx7ImF1dGhvcml0eSI6IlJPTEVfQURNSU5JU1RSQVRPUiJ9XSwidXNlcm5hbWUiOiJtYW51ZWwifQ.oyEVN-TsUT0zxopewIiQYSuTzrH9NSAN9876iLKCvBQ','2025-05-15 12:28:39',1,6),(65,'eyJ0eXAiOiJqd3QiLCJhbGciOiJIUzI1NiJ9.eyJzdWIiOiJtYW51ZWwiLCJpYXQiOjE3NDcyNTMyMDYsImV4cCI6MTc0NzMzOTYwNiwicm9sZSI6IkFETUlOSVNUUkFUT1IiLCJuYW1lIjoibWFudWVsIiwiYXV0aG9yaXRpZXMiOlt7ImF1dGhvcml0eSI6IkNSRUFURV9PTkUifSx7ImF1dGhvcml0eSI6IlJFQURfQUxMIn0seyJhdXRob3JpdHkiOiJSRUFEX09ORSJ9LHsiYXV0aG9yaXR5IjoiVVBEQVRFX09ORSJ9LHsiYXV0aG9yaXR5IjoiRElTQUJMRV9PTkUifSx7ImF1dGhvcml0eSI6IlJPTEVfQURNSU5JU1RSQVRPUiJ9XSwidXNlcm5hbWUiOiJtYW51ZWwifQ.cOnGeNauwcF4g_IMPKWFKsv8NajukRT2AXqQHd7bBQA','2025-05-15 15:06:46',1,6),(66,'eyJ0eXAiOiJqd3QiLCJhbGciOiJIUzI1NiJ9.eyJzdWIiOiJqdWFucGVyZXoxMjM0NSIsImlhdCI6MTc0NzMwNzc0MywiZXhwIjoxNzQ3Mzk0MTQzLCJyb2xlIjoiQURNSU5JU1RSQVRPUiIsIm5hbWUiOiJKdWFuIFDDqXJleiIsImF1dGhvcml0aWVzIjpbeyJhdXRob3JpdHkiOiJDUkVBVEVfT05FIn0seyJhdXRob3JpdHkiOiJSRUFEX0FMTCJ9LHsiYXV0aG9yaXR5IjoiUkVBRF9PTkUifSx7ImF1dGhvcml0eSI6IlVQREFURV9PTkUifSx7ImF1dGhvcml0eSI6IkRJU0FCTEVfT05FIn0seyJhdXRob3JpdHkiOiJST0xFX0FETUlOSVNUUkFUT1IifV0sInVzZXJuYW1lIjoianVhbnBlcmV6MTIzNDUifQ.n3jX6ZSgF2GiBX-K0bIAxxu2gvRr9bW3Ozbpty2Hn4M','2025-05-16 06:15:43',1,5),(67,'eyJ0eXAiOiJqd3QiLCJhbGciOiJIUzI1NiJ9.eyJzdWIiOiJqdWFucGVyZXoxMjM0NSIsImlhdCI6MTc0NzMxMjA0MiwiZXhwIjoxNzQ3Mzk4NDQyLCJyb2xlIjoiQURNSU5JU1RSQVRPUiIsIm5hbWUiOiJKdWFuIFDDqXJleiIsImF1dGhvcml0aWVzIjpbeyJhdXRob3JpdHkiOiJDUkVBVEVfT05FIn0seyJhdXRob3JpdHkiOiJSRUFEX0FMTCJ9LHsiYXV0aG9yaXR5IjoiUkVBRF9PTkUifSx7ImF1dGhvcml0eSI6IlVQREFURV9PTkUifSx7ImF1dGhvcml0eSI6IkRJU0FCTEVfT05FIn0seyJhdXRob3JpdHkiOiJST0xFX0FETUlOSVNUUkFUT1IifV0sInVzZXJuYW1lIjoianVhbnBlcmV6MTIzNDUifQ.aV4C45LEVBptbpeNck6suaAIKye2YAs3J3DW4Gqtxl0','2025-05-16 07:27:22',1,5),(68,'eyJ0eXAiOiJqd3QiLCJhbGciOiJIUzI1NiJ9.eyJzdWIiOiJtYW51ZWwiLCJpYXQiOjE3NDczMjA2NTksImV4cCI6MTc0NzQwNzA1OSwicm9sZSI6IkFETUlOSVNUUkFUT1IiLCJuYW1lIjoibWFudWVsIiwiYXV0aG9yaXRpZXMiOlt7ImF1dGhvcml0eSI6IkNSRUFURV9PTkUifSx7ImF1dGhvcml0eSI6IlJFQURfQUxMIn0seyJhdXRob3JpdHkiOiJSRUFEX09ORSJ9LHsiYXV0aG9yaXR5IjoiVVBEQVRFX09ORSJ9LHsiYXV0aG9yaXR5IjoiRElTQUJMRV9PTkUifSx7ImF1dGhvcml0eSI6IlJPTEVfQURNSU5JU1RSQVRPUiJ9XSwidXNlcm5hbWUiOiJtYW51ZWwifQ.vffCko2JTQLi81cH32zc5X7n0fRkTVRuEoWPCo1Ra3U','2025-05-16 09:50:59',1,6),(69,'eyJ0eXAiOiJqd3QiLCJhbGciOiJIUzI1NiJ9.eyJzdWIiOiJtYW51ZWwiLCJpYXQiOjE3NDc0MDE4NzksImV4cCI6MTc0NzQ4ODI3OSwicm9sZSI6IkFETUlOSVNUUkFUT1IiLCJuYW1lIjoibWFudWVsIiwiYXV0aG9yaXRpZXMiOlt7ImF1dGhvcml0eSI6IkNSRUFURV9PTkUifSx7ImF1dGhvcml0eSI6IlJFQURfQUxMIn0seyJhdXRob3JpdHkiOiJSRUFEX09ORSJ9LHsiYXV0aG9yaXR5IjoiVVBEQVRFX09ORSJ9LHsiYXV0aG9yaXR5IjoiRElTQUJMRV9PTkUifSx7ImF1dGhvcml0eSI6IlJPTEVfQURNSU5JU1RSQVRPUiJ9XSwidXNlcm5hbWUiOiJtYW51ZWwifQ.gZ2aDDMpARZhI9fa4OQFjsmDLfgKpJoMh4V9wD2cfmo','2025-05-17 08:24:39',1,6),(70,'eyJ0eXAiOiJqd3QiLCJhbGciOiJIUzI1NiJ9.eyJzdWIiOiJtYW51ZWwiLCJpYXQiOjE3NDc0MDQyMjAsImV4cCI6MTc0NzQ5MDYyMCwicm9sZSI6IkFETUlOSVNUUkFUT1IiLCJuYW1lIjoibWFudWVsIiwiYXV0aG9yaXRpZXMiOlt7ImF1dGhvcml0eSI6IkNSRUFURV9PTkUifSx7ImF1dGhvcml0eSI6IlJFQURfQUxMIn0seyJhdXRob3JpdHkiOiJSRUFEX09ORSJ9LHsiYXV0aG9yaXR5IjoiVVBEQVRFX09ORSJ9LHsiYXV0aG9yaXR5IjoiRElTQUJMRV9PTkUifSx7ImF1dGhvcml0eSI6IlJPTEVfQURNSU5JU1RSQVRPUiJ9XSwidXNlcm5hbWUiOiJtYW51ZWwifQ.jp5Far1RWDx20q6N_MNOkGYO6gLR-AnaBqb1X8ZZv0c','2025-05-17 09:03:40',1,6);
/*!40000 ALTER TABLE `jwt_token` ENABLE KEYS */;
UNLOCK TABLES;

--
-- Table structure for table `manager`
--

DROP TABLE IF EXISTS `manager`;
/*!40101 SET @saved_cs_client     = @@character_set_client */;
/*!50503 SET character_set_client = utf8mb4 */;
CREATE TABLE `manager` (
  `id_number` decimal(38,0) NOT NULL,
  `age` smallint(6) DEFAULT NULL,
  `email` varchar(255) DEFAULT NULL,
  `first_name` varchar(255) DEFAULT NULL,
  `gender` varchar(255) DEFAULT NULL,
  `last_name` varchar(255) DEFAULT NULL,
  `live_country` varchar(255) DEFAULT NULL,
  `origin_country` varchar(255) DEFAULT NULL,
  `status` varchar(255) DEFAULT NULL,
  `type_identifier` varchar(255) DEFAULT NULL,
  `birth_date` date DEFAULT NULL,
  `curriculum_url` varchar(255) DEFAULT NULL,
  `department` varchar(255) DEFAULT NULL,
  `ingress_date` time(6) DEFAULT NULL,
  `photo_url` varchar(255) DEFAULT NULL,
  `roll` varchar(255) DEFAULT NULL,
  PRIMARY KEY (`id_number`)
) ENGINE=InnoDB DEFAULT CHARSET=utf8mb4 COLLATE=utf8mb4_general_ci;
/*!40101 SET character_set_client = @saved_cs_client */;

--
-- Dumping data for table `manager`
--

LOCK TABLES `manager` WRITE;
/*!40000 ALTER TABLE `manager` DISABLE KEYS */;
/*!40000 ALTER TABLE `manager` ENABLE KEYS */;
UNLOCK TABLES;

--
-- Table structure for table `managers`
--

DROP TABLE IF EXISTS `managers`;
/*!40101 SET @saved_cs_client     = @@character_set_client */;
/*!50503 SET character_set_client = utf8mb4 */;
CREATE TABLE `managers` (
  `id_number` decimal(38,0) NOT NULL,
  `age` smallint(6) DEFAULT NULL,
  `email` varchar(255) DEFAULT NULL,
  `first_name` varchar(255) DEFAULT NULL,
  `gender` varchar(255) DEFAULT NULL,
  `last_name` varchar(255) DEFAULT NULL,
  `live_country` varchar(255) DEFAULT NULL,
  `origin_country` varchar(255) DEFAULT NULL,
  `status` varchar(255) DEFAULT NULL,
  `type_identifier` varchar(255) DEFAULT NULL,
  `birth_date` date DEFAULT NULL,
  `curriculum_url` varchar(255) DEFAULT NULL,
  `department` varchar(255) DEFAULT NULL,
  `ingress_date` time(6) DEFAULT NULL,
  `photo_url` varchar(255) DEFAULT NULL,
  `roll` varchar(255) DEFAULT NULL,
  PRIMARY KEY (`id_number`)
) ENGINE=InnoDB DEFAULT CHARSET=utf8mb4 COLLATE=utf8mb4_general_ci;
/*!40101 SET character_set_client = @saved_cs_client */;

--
-- Dumping data for table `managers`
--

LOCK TABLES `managers` WRITE;
/*!40000 ALTER TABLE `managers` DISABLE KEYS */;
/*!40000 ALTER TABLE `managers` ENABLE KEYS */;
UNLOCK TABLES;

--
-- Table structure for table `payment`
--

DROP TABLE IF EXISTS `payment`;
/*!40101 SET @saved_cs_client     = @@character_set_client */;
/*!50503 SET character_set_client = utf8mb4 */;
CREATE TABLE `payment` (
  `payment_id` binary(16) NOT NULL,
  `payment_total_amount` decimal(12,2) DEFAULT NULL,
  `payment_date` timestamp NOT NULL DEFAULT current_timestamp() ON UPDATE current_timestamp(),
  `reservation_client_id` bigint(20) DEFAULT NULL,
  PRIMARY KEY (`payment_id`),
  KEY `reservation_client_id` (`reservation_client_id`),
  CONSTRAINT `payment_ibfk_1` FOREIGN KEY (`reservation_client_id`) REFERENCES `client` (`id_number`)
) ENGINE=InnoDB DEFAULT CHARSET=utf8mb4 COLLATE=utf8mb4_general_ci;
/*!40101 SET character_set_client = @saved_cs_client */;

--
-- Dumping data for table `payment`
--

LOCK TABLES `payment` WRITE;
/*!40000 ALTER TABLE `payment` DISABLE KEYS */;
INSERT INTO `payment` VALUES (_binary 'éó\ﬁ>aL\rå\“¸≥ç9\’',150.75,'2025-05-15 19:30:00',123456789);
/*!40000 ALTER TABLE `payment` ENABLE KEYS */;
UNLOCK TABLES;

--
-- Table structure for table `payment_bill`
--

DROP TABLE IF EXISTS `payment_bill`;
/*!40101 SET @saved_cs_client     = @@character_set_client */;
/*!50503 SET character_set_client = utf8mb4 */;
CREATE TABLE `payment_bill` (
  `bill_number` varchar(255) NOT NULL,
  `bill_photo_url` varchar(255) DEFAULT NULL,
  `bill_tech_supplier` varchar(255) DEFAULT NULL,
  PRIMARY KEY (`bill_number`)
) ENGINE=InnoDB DEFAULT CHARSET=utf8mb4 COLLATE=utf8mb4_general_ci;
/*!40101 SET character_set_client = @saved_cs_client */;

--
-- Dumping data for table `payment_bill`
--

LOCK TABLES `payment_bill` WRITE;
/*!40000 ALTER TABLE `payment_bill` DISABLE KEYS */;
/*!40000 ALTER TABLE `payment_bill` ENABLE KEYS */;
UNLOCK TABLES;

--
-- Table structure for table `payment_bills`
--

DROP TABLE IF EXISTS `payment_bills`;
/*!40101 SET @saved_cs_client     = @@character_set_client */;
/*!50503 SET character_set_client = utf8mb4 */;
CREATE TABLE `payment_bills` (
  `bill_number` varchar(255) NOT NULL,
  `bill_photo_url` varchar(255) DEFAULT NULL,
  `bill_tech_supplier` varchar(255) DEFAULT NULL,
  PRIMARY KEY (`bill_number`)
) ENGINE=InnoDB DEFAULT CHARSET=utf8mb4 COLLATE=utf8mb4_general_ci;
/*!40101 SET character_set_client = @saved_cs_client */;

--
-- Dumping data for table `payment_bills`
--

LOCK TABLES `payment_bills` WRITE;
/*!40000 ALTER TABLE `payment_bills` DISABLE KEYS */;
/*!40000 ALTER TABLE `payment_bills` ENABLE KEYS */;
UNLOCK TABLES;

--
-- Table structure for table `payment_cash`
--

DROP TABLE IF EXISTS `payment_cash`;
/*!40101 SET @saved_cs_client     = @@character_set_client */;
/*!50503 SET character_set_client = utf8mb4 */;
CREATE TABLE `payment_cash` (
  `payment_transaction_id` int(11) NOT NULL AUTO_INCREMENT,
  `payment_transaction_datetime` datetime(6) DEFAULT NULL,
  `payment_transaction_kind` varchar(255) DEFAULT NULL,
  `payment_transaction_total` double DEFAULT NULL,
  `payment_transaction_payment_id` binary(16) DEFAULT NULL,
  PRIMARY KEY (`payment_transaction_id`),
  KEY `FKex5dp6yf6ceegvbgr9f903hu2` (`payment_transaction_payment_id`),
  CONSTRAINT `FKex5dp6yf6ceegvbgr9f903hu2` FOREIGN KEY (`payment_transaction_payment_id`) REFERENCES `payments` (`payment_id`)
) ENGINE=InnoDB DEFAULT CHARSET=utf8mb4 COLLATE=utf8mb4_general_ci;
/*!40101 SET character_set_client = @saved_cs_client */;

--
-- Dumping data for table `payment_cash`
--

LOCK TABLES `payment_cash` WRITE;
/*!40000 ALTER TABLE `payment_cash` DISABLE KEYS */;
/*!40000 ALTER TABLE `payment_cash` ENABLE KEYS */;
UNLOCK TABLES;

--
-- Table structure for table `payment_credit_note`
--

DROP TABLE IF EXISTS `payment_credit_note`;
/*!40101 SET @saved_cs_client     = @@character_set_client */;
/*!50503 SET character_set_client = utf8mb4 */;
CREATE TABLE `payment_credit_note` (
  `credit_note_id` varchar(255) NOT NULL,
  `credit_note_txt` varchar(255) DEFAULT NULL,
  PRIMARY KEY (`credit_note_id`)
) ENGINE=InnoDB DEFAULT CHARSET=utf8mb4 COLLATE=utf8mb4_general_ci;
/*!40101 SET character_set_client = @saved_cs_client */;

--
-- Dumping data for table `payment_credit_note`
--

LOCK TABLES `payment_credit_note` WRITE;
/*!40000 ALTER TABLE `payment_credit_note` DISABLE KEYS */;
/*!40000 ALTER TABLE `payment_credit_note` ENABLE KEYS */;
UNLOCK TABLES;

--
-- Table structure for table `payment_credit_notes`
--

DROP TABLE IF EXISTS `payment_credit_notes`;
/*!40101 SET @saved_cs_client     = @@character_set_client */;
/*!50503 SET character_set_client = utf8mb4 */;
CREATE TABLE `payment_credit_notes` (
  `credit_note_id` varchar(255) NOT NULL,
  `credit_note_txt` varchar(255) DEFAULT NULL,
  PRIMARY KEY (`credit_note_id`)
) ENGINE=InnoDB DEFAULT CHARSET=utf8mb4 COLLATE=utf8mb4_general_ci;
/*!40101 SET character_set_client = @saved_cs_client */;

--
-- Dumping data for table `payment_credit_notes`
--

LOCK TABLES `payment_credit_notes` WRITE;
/*!40000 ALTER TABLE `payment_credit_notes` DISABLE KEYS */;
/*!40000 ALTER TABLE `payment_credit_notes` ENABLE KEYS */;
UNLOCK TABLES;

--
-- Table structure for table `payment_transaction`
--

DROP TABLE IF EXISTS `payment_transaction`;
/*!40101 SET @saved_cs_client     = @@character_set_client */;
/*!50503 SET character_set_client = utf8mb4 */;
CREATE TABLE `payment_transaction` (
  `payment_transaction_id` int(11) NOT NULL AUTO_INCREMENT,
  `payment_transaction_total` double DEFAULT NULL,
  `payment_transaction_kind` varchar(50) DEFAULT NULL,
  `payment_transaction_datetime` timestamp NOT NULL DEFAULT current_timestamp() ON UPDATE current_timestamp(),
  `payment_transaction_payment_id` binary(16) DEFAULT NULL,
  PRIMARY KEY (`payment_transaction_id`),
  KEY `payment_transaction_payment_id` (`payment_transaction_payment_id`),
  CONSTRAINT `payment_transaction_ibfk_1` FOREIGN KEY (`payment_transaction_payment_id`) REFERENCES `payment` (`payment_id`)
) ENGINE=InnoDB DEFAULT CHARSET=utf8mb4 COLLATE=utf8mb4_general_ci;
/*!40101 SET character_set_client = @saved_cs_client */;

--
-- Dumping data for table `payment_transaction`
--

LOCK TABLES `payment_transaction` WRITE;
/*!40000 ALTER TABLE `payment_transaction` DISABLE KEYS */;
/*!40000 ALTER TABLE `payment_transaction` ENABLE KEYS */;
UNLOCK TABLES;

--
-- Table structure for table `payments`
--

DROP TABLE IF EXISTS `payments`;
/*!40101 SET @saved_cs_client     = @@character_set_client */;
/*!50503 SET character_set_client = utf8mb4 */;
CREATE TABLE `payments` (
  `payment_id` binary(16) NOT NULL,
  `reservation_client_id` decimal(38,0) DEFAULT NULL,
  `payment_date` datetime(6) DEFAULT NULL,
  `payment_total_amount` decimal(38,2) DEFAULT NULL,
  PRIMARY KEY (`payment_id`)
) ENGINE=InnoDB DEFAULT CHARSET=utf8mb4 COLLATE=utf8mb4_general_ci;
/*!40101 SET character_set_client = @saved_cs_client */;

--
-- Dumping data for table `payments`
--

LOCK TABLES `payments` WRITE;
/*!40000 ALTER TABLE `payments` DISABLE KEYS */;
/*!40000 ALTER TABLE `payments` ENABLE KEYS */;
UNLOCK TABLES;

--
-- Table structure for table `phones`
--

DROP TABLE IF EXISTS `phones`;
/*!40101 SET @saved_cs_client     = @@character_set_client */;
/*!50503 SET character_set_client = utf8mb4 */;
CREATE TABLE `phones` (
  `number` varchar(255) NOT NULL,
  `phone_hotel_id` int(11) DEFAULT NULL,
  PRIMARY KEY (`number`),
  KEY `FKq72trgacmmcnqseodyhjrefdf` (`phone_hotel_id`),
  CONSTRAINT `FKq72trgacmmcnqseodyhjrefdf` FOREIGN KEY (`phone_hotel_id`) REFERENCES `hotels` (`hotel_id`)
) ENGINE=InnoDB DEFAULT CHARSET=utf8mb4 COLLATE=utf8mb4_general_ci;
/*!40101 SET character_set_client = @saved_cs_client */;

--
-- Dumping data for table `phones`
--

LOCK TABLES `phones` WRITE;
/*!40000 ALTER TABLE `phones` DISABLE KEYS */;
INSERT INTO `phones` VALUES ('3105659965',NULL),('3105659966',1);
/*!40000 ALTER TABLE `phones` ENABLE KEYS */;
UNLOCK TABLES;

--
-- Table structure for table `reception_room`
--

DROP TABLE IF EXISTS `reception_room`;
/*!40101 SET @saved_cs_client     = @@character_set_client */;
/*!50503 SET character_set_client = utf8mb4 */;
CREATE TABLE `reception_room` (
  `reception_id` int(11) NOT NULL AUTO_INCREMENT,
  `reception_check_kind` varchar(255) DEFAULT NULL,
  `reception_date_time` date DEFAULT NULL,
  PRIMARY KEY (`reception_id`)
) ENGINE=InnoDB DEFAULT CHARSET=utf8mb4 COLLATE=utf8mb4_general_ci;
/*!40101 SET character_set_client = @saved_cs_client */;

--
-- Dumping data for table `reception_room`
--

LOCK TABLES `reception_room` WRITE;
/*!40000 ALTER TABLE `reception_room` DISABLE KEYS */;
/*!40000 ALTER TABLE `reception_room` ENABLE KEYS */;
UNLOCK TABLES;

--
-- Table structure for table `reservation`
--

DROP TABLE IF EXISTS `reservation`;
/*!40101 SET @saved_cs_client     = @@character_set_client */;
/*!50503 SET character_set_client = utf8mb4 */;
CREATE TABLE `reservation` (
  `reservation_id` bigint(20) NOT NULL AUTO_INCREMENT,
  `reservation_start_date` date DEFAULT NULL,
  `reservation_end_date` date DEFAULT NULL,
  `reservation_total_value` decimal(38,2) DEFAULT NULL,
  `reservation_checkin_status` varchar(255) DEFAULT NULL,
  `reservation_checkout_status` varchar(255) DEFAULT NULL,
  `reservation_payment_status` varchar(255) DEFAULT NULL,
  `reservation_hotel_id` int(11) DEFAULT NULL,
  `reservation_room_id` int(11) DEFAULT NULL,
  `reservation_payment_id` binary(16) DEFAULT NULL,
  `reservation_client_id` bigint(20) DEFAULT NULL,
  PRIMARY KEY (`reservation_id`),
  KEY `reservation_hotel_id` (`reservation_hotel_id`),
  KEY `reservation_room_id` (`reservation_room_id`),
  KEY `reservation_payment_id` (`reservation_payment_id`),
  KEY `reservation_client_id` (`reservation_client_id`),
  CONSTRAINT `reservation_ibfk_1` FOREIGN KEY (`reservation_hotel_id`) REFERENCES `hotel` (`hotel_id`),
  CONSTRAINT `reservation_ibfk_2` FOREIGN KEY (`reservation_room_id`) REFERENCES `room` (`room_id`),
  CONSTRAINT `reservation_ibfk_3` FOREIGN KEY (`reservation_payment_id`) REFERENCES `payment` (`payment_id`),
  CONSTRAINT `reservation_ibfk_4` FOREIGN KEY (`reservation_client_id`) REFERENCES `client` (`id_number`)
) ENGINE=InnoDB AUTO_INCREMENT=2 DEFAULT CHARSET=utf8mb4 COLLATE=utf8mb4_general_ci;
/*!40101 SET character_set_client = @saved_cs_client */;

--
-- Dumping data for table `reservation`
--

LOCK TABLES `reservation` WRITE;
/*!40000 ALTER TABLE `reservation` DISABLE KEYS */;
INSERT INTO `reservation` VALUES (1,'2025-06-01','2025-06-05',500.00,'Pendiente','Pendiente','Realizado',1,1,_binary 'éó\ﬁ>aL\rå\“¸≥ç9\’',123456789);
/*!40000 ALTER TABLE `reservation` ENABLE KEYS */;
UNLOCK TABLES;

--
-- Table structure for table `room`
--

DROP TABLE IF EXISTS `room`;
/*!40101 SET @saved_cs_client     = @@character_set_client */;
/*!50503 SET character_set_client = utf8mb4 */;
CREATE TABLE `room` (
  `room_id` int(11) NOT NULL AUTO_INCREMENT,
  `room_name` varchar(255) DEFAULT NULL,
  `room_description` varchar(255) DEFAULT NULL,
  `room_category_id` int(11) DEFAULT NULL,
  `room_category_hotel` int(11) DEFAULT NULL,
  `room_status` varchar(255) DEFAULT NULL,
  PRIMARY KEY (`room_id`),
  KEY `room_category_id` (`room_category_id`),
  KEY `FKgd15dw6c7ox5ggbe54h5cn0ns` (`room_category_hotel`),
  CONSTRAINT `FKgd15dw6c7ox5ggbe54h5cn0ns` FOREIGN KEY (`room_category_hotel`) REFERENCES `hotels` (`hotel_id`),
  CONSTRAINT `room_ibfk_1` FOREIGN KEY (`room_category_id`) REFERENCES `room_categories` (`room_category_id`),
  CONSTRAINT `room_ibfk_2` FOREIGN KEY (`room_category_hotel`) REFERENCES `hotel` (`hotel_id`)
) ENGINE=InnoDB AUTO_INCREMENT=11 DEFAULT CHARSET=utf8mb4 COLLATE=utf8mb4_general_ci;
/*!40101 SET character_set_client = @saved_cs_client */;

--
-- Dumping data for table `room`
--

LOCK TABLES `room` WRITE;
/*!40000 ALTER TABLE `room` DISABLE KEYS */;
INSERT INTO `room` VALUES (1,'101','premium',1,1,'Disponible'),(2,'102','Habitaci√≥n perteneciente a la categor√≠a 1',1,1,'Disponible'),(3,'103','Habitaci√≥n perteneciente a la categor√≠a 1',1,1,'Disponible'),(4,'104','Habitaci√≥n perteneciente a la categor√≠a 1',1,1,'Disponible'),(5,'301','Habitaci√≥n perteneciente a la categor√≠a 3',3,1,'Disponible'),(6,'302','Habitaci√≥n perteneciente a la categor√≠a 3',3,1,'Disponible'),(7,'303','Habitaci√≥n perteneciente a la categor√≠a 3',3,1,'Disponible'),(10,'402','Economica',4,1,'DISPONIBLE');
/*!40000 ALTER TABLE `room` ENABLE KEYS */;
UNLOCK TABLES;

--
-- Table structure for table `room_attribute`
--

DROP TABLE IF EXISTS `room_attribute`;
/*!40101 SET @saved_cs_client     = @@character_set_client */;
/*!50503 SET character_set_client = utf8mb4 */;
CREATE TABLE `room_attribute` (
  `room_attribute_id` int(11) NOT NULL AUTO_INCREMENT,
  `room_attribute_name` varchar(255) NOT NULL,
  `room_attribute_description` varchar(255) NOT NULL,
  `room_attribute_photo` varchar(255) NOT NULL,
  `room_attribute_category_id` int(11) DEFAULT NULL,
  PRIMARY KEY (`room_attribute_id`),
  UNIQUE KEY `room_attribute_name` (`room_attribute_name`),
  UNIQUE KEY `room_attribute_photo` (`room_attribute_photo`),
  KEY `room_attribute_category_id` (`room_attribute_category_id`),
  CONSTRAINT `room_attribute_ibfk_1` FOREIGN KEY (`room_attribute_category_id`) REFERENCES `room_categories` (`room_category_id`)
) ENGINE=InnoDB AUTO_INCREMENT=20 DEFAULT CHARSET=utf8mb4 COLLATE=utf8mb4_general_ci;
/*!40101 SET character_set_client = @saved_cs_client */;

--
-- Dumping data for table `room_attribute`
--

LOCK TABLES `room_attribute` WRITE;
/*!40000 ALTER TABLE `room_attribute` DISABLE KEYS */;
INSERT INTO `room_attribute` VALUES (1,'Vista al mar','Habitaci√≥n con vista al mar','/uploads/e9047a47-1a22-4104-ae58-1f0e2a8919a0_641825208.jpg',1),(2,'Disfruta vista al mar',' Disfruta vista al mar','/uploads/df6572a7-8688-44b5-ab64-3dcea10d0852_641825208.jpg',3),(3,'Cerca al mar',' Disfruta vista al mar','/uploads/bc9e5650-7281-44c9-ab36-43a004cba83c_641825208.jpg',4),(5,'Caja fuerte','Habitaci√≥n con caja fuerte para guardar objetos de valor','/uploads/75c99074-00c7-4038-9d01-d48518b24509_3-rot-hotel.jpg',1),(6,'Seguridad','Habitaci√≥n con caja fuerte para guardar objetos de valor','/uploads/0cc3a195-f34a-4bca-95d4-436c13c750a5_3-rot-hotel.jpg',3),(7,'Caja fuerte premium','Habitaci√≥n con caja fuerte para guardar objetos de valor','/uploads/f80f8359-26cb-44ad-ad40-5abf6ca34f81_3-rot-hotel.jpg',4),(8,'Televisor Smart TV','Habitaci√≥n con Smart TV para acceder a plataformas de streaming','/uploads/4e6ee0c5-b58e-4373-907f-5af7bb9240ae_Hotel-Office-in-den-Achat-Hotels-.jpg',4),(9,'Televisor Inteligente','Habitaci√≥n con Smart TV para acceder a plataformas de streaming','/uploads/9b03e65f-cb3a-41bc-940c-7f127703cbcf_tv-hotel31.jpg',1),(10,'Televisor de 70 pulgadas','Habitaci√≥n con Smart TV para acceder a plataformas de streaming','/uploads/247c6d64-7d88-45b8-a392-65e3a9358f2a_tv-hotel31.jpg',3),(11,'Jacuzzi','Habitaci√≥n equipada con jacuzzi privado','/uploads/b66d5f14-ca91-4096-ab91-975d3e063f08_tv-hotel31.jpg',1),(12,'Jacuzzi privado','Habitaci√≥n equipada con jacuzzi privado','/uploads/ca336e00-235e-4fc9-8fda-831d64be201b_506439227.jpg',3),(13,'Jacuzzi Mini','Habitaci√≥n equipada con jacuzzi privado','/uploads/b1972fa0-e2dd-4242-abb5-46dd9300b1b9_506439227.jpg',4),(14,'Cama king size','Habitaci√≥n con cama amplia tipo king size para mayor comodidad','/uploads/7cdc4dad-b933-4924-8264-e91dbf672c80_expedia_group-2643971-89bb16-854110.jpg',1),(15,'Cama king premium','Habitaci√≥n con cama amplia tipo king size para mayor comodidad','/uploads/6676c8d0-eaed-47f8-8be3-1cea66a28ea1_expedia_group-2643971-89bb16-854110.jpg',3),(16,'Cama king','Habitaci√≥n con cama amplia tipo king size para mayor comodidad','/uploads/83147b8c-07da-4e01-bbdf-544dc1612bce_expedia_group-2643971-89bb16-854110.jpg',4);
/*!40000 ALTER TABLE `room_attribute` ENABLE KEYS */;
UNLOCK TABLES;

--
-- Table structure for table `room_availability`
--

DROP TABLE IF EXISTS `room_availability`;
/*!40101 SET @saved_cs_client     = @@character_set_client */;
/*!50503 SET character_set_client = utf8mb4 */;
CREATE TABLE `room_availability` (
  `occupancyr_day` date NOT NULL,
  `occupancyr_room` int(11) NOT NULL,
  `room_occupancy_note` varchar(255) DEFAULT NULL,
  `room_occupancy_status` varchar(255) DEFAULT NULL,
  `room_occupancy_change_datetime` datetime(6) DEFAULT NULL,
  PRIMARY KEY (`occupancyr_day`,`occupancyr_room`)
) ENGINE=InnoDB DEFAULT CHARSET=utf8mb4 COLLATE=utf8mb4_general_ci;
/*!40101 SET character_set_client = @saved_cs_client */;

--
-- Dumping data for table `room_availability`
--

LOCK TABLES `room_availability` WRITE;
/*!40000 ALTER TABLE `room_availability` DISABLE KEYS */;
/*!40000 ALTER TABLE `room_availability` ENABLE KEYS */;
UNLOCK TABLES;

--
-- Table structure for table `room_categories`
--

DROP TABLE IF EXISTS `room_categories`;
/*!40101 SET @saved_cs_client     = @@character_set_client */;
/*!50503 SET character_set_client = utf8mb4 */;
CREATE TABLE `room_categories` (
  `room_category_id` int(11) NOT NULL AUTO_INCREMENT,
  `room_category_name` varchar(255) DEFAULT NULL,
  `room_category_night_price` double DEFAULT NULL,
  `room_category_description` varchar(255) DEFAULT NULL,
  `room_category_hotel_id` int(11) NOT NULL,
  PRIMARY KEY (`room_category_id`),
  KEY `FKs9y4avhax3x4mymceundctigy` (`room_category_hotel_id`),
  CONSTRAINT `FKs9y4avhax3x4mymceundctigy` FOREIGN KEY (`room_category_hotel_id`) REFERENCES `hotels` (`hotel_id`),
  CONSTRAINT `room_categories_ibfk_1` FOREIGN KEY (`room_category_hotel_id`) REFERENCES `hotel` (`hotel_id`)
) ENGINE=InnoDB AUTO_INCREMENT=12 DEFAULT CHARSET=utf8mb4 COLLATE=utf8mb4_general_ci;
/*!40101 SET character_set_client = @saved_cs_client */;

--
-- Dumping data for table `room_categories`
--

LOCK TABLES `room_categories` WRITE;
/*!40000 ALTER TABLE `room_categories` DISABLE KEYS */;
INSERT INTO `room_categories` VALUES (1,'Habitaci√≥n de Lujo',450000,'Espaciosa habitaci√≥n con vista al mar, cama king size, jacuzzi, minibar y servicio a la habitaci√≥n 24 horas.',1),(3,'Suite Ejecutiva',750000,'Habitaci√≥n lujosa con escritorio y jacuzzi',1),(4,'Habitaci√≥n Est√°ndar',120000,'C√≥moda habitaci√≥n con ba√±o privado y TV',1);
/*!40000 ALTER TABLE `room_categories` ENABLE KEYS */;
UNLOCK TABLES;

--
-- Table structure for table `room_category_disponibility`
--

DROP TABLE IF EXISTS `room_category_disponibility`;
/*!40101 SET @saved_cs_client     = @@character_set_client */;
/*!50503 SET character_set_client = utf8mb4 */;
CREATE TABLE `room_category_disponibility` (
  `id` bigint(20) NOT NULL AUTO_INCREMENT,
  `category_id` int(11) DEFAULT NULL,
  `category_name` varchar(255) DEFAULT NULL,
  `date` date DEFAULT NULL,
  `quantity` int(11) DEFAULT NULL,
  `occupancy` int(11) DEFAULT NULL,
  `disponibility_level` int(11) DEFAULT NULL,
  PRIMARY KEY (`id`)
) ENGINE=InnoDB AUTO_INCREMENT=15 DEFAULT CHARSET=utf8mb4 COLLATE=utf8mb4_general_ci;
/*!40101 SET character_set_client = @saved_cs_client */;

--
-- Dumping data for table `room_category_disponibility`
--

LOCK TABLES `room_category_disponibility` WRITE;
/*!40000 ALTER TABLE `room_category_disponibility` DISABLE KEYS */;
INSERT INTO `room_category_disponibility` VALUES (10,1,'Habitaci√≥n de Lujo','2025-06-01',4,2,2),(11,1,'Habitaci√≥n de Lujo','2025-06-02',4,2,2),(12,1,'Habitaci√≥n de Lujo','2025-06-03',4,2,2),(13,1,'Habitaci√≥n de Lujo','2025-06-04',4,2,2),(14,1,'Habitaci√≥n de Lujo','2025-06-05',4,2,2);
/*!40000 ALTER TABLE `room_category_disponibility` ENABLE KEYS */;
UNLOCK TABLES;

--
-- Table structure for table `room_category_disponibility_room`
--

DROP TABLE IF EXISTS `room_category_disponibility_room`;
/*!40101 SET @saved_cs_client     = @@character_set_client */;
/*!50503 SET character_set_client = utf8mb4 */;
CREATE TABLE `room_category_disponibility_room` (
  `room_id` int(11) NOT NULL,
  `disponibility_id` bigint(20) NOT NULL,
  PRIMARY KEY (`room_id`,`disponibility_id`),
  KEY `disponibility_id` (`disponibility_id`),
  CONSTRAINT `room_category_disponibility_room_ibfk_1` FOREIGN KEY (`room_id`) REFERENCES `room` (`room_id`),
  CONSTRAINT `room_category_disponibility_room_ibfk_2` FOREIGN KEY (`disponibility_id`) REFERENCES `room_category_disponibility` (`id`)
) ENGINE=InnoDB DEFAULT CHARSET=utf8mb4 COLLATE=utf8mb4_general_ci;
/*!40101 SET character_set_client = @saved_cs_client */;

--
-- Dumping data for table `room_category_disponibility_room`
--

LOCK TABLES `room_category_disponibility_room` WRITE;
/*!40000 ALTER TABLE `room_category_disponibility_room` DISABLE KEYS */;
INSERT INTO `room_category_disponibility_room` VALUES (1,10),(1,11),(1,12),(1,13),(1,14);
/*!40000 ALTER TABLE `room_category_disponibility_room` ENABLE KEYS */;
UNLOCK TABLES;

--
-- Table structure for table `room_gallery`
--

DROP TABLE IF EXISTS `room_gallery`;
/*!40101 SET @saved_cs_client     = @@character_set_client */;
/*!50503 SET character_set_client = utf8mb4 */;
CREATE TABLE `room_gallery` (
  `room_category_gallery_id` bigint(20) NOT NULL AUTO_INCREMENT,
  `room_category_gallery_tittle` varchar(50) NOT NULL,
  `room_category_description` varchar(200) NOT NULL,
  `room_category_gallery_image` varchar(255) NOT NULL,
  `room_category_gallery_category_id` int(11) DEFAULT NULL,
  PRIMARY KEY (`room_category_gallery_id`),
  UNIQUE KEY `room_category_gallery_tittle` (`room_category_gallery_tittle`),
  UNIQUE KEY `room_category_gallery_image` (`room_category_gallery_image`),
  KEY `room_category_gallery_category_id` (`room_category_gallery_category_id`),
  CONSTRAINT `room_gallery_ibfk_1` FOREIGN KEY (`room_category_gallery_category_id`) REFERENCES `room_categories` (`room_category_id`)
) ENGINE=InnoDB AUTO_INCREMENT=4 DEFAULT CHARSET=utf8mb4 COLLATE=utf8mb4_general_ci;
/*!40101 SET character_set_client = @saved_cs_client */;

--
-- Dumping data for table `room_gallery`
--

LOCK TABLES `room_gallery` WRITE;
/*!40000 ALTER TABLE `room_gallery` DISABLE KEYS */;
INSERT INTO `room_gallery` VALUES (1,'entrada','increible foto','/uploads/a345205f-7f2f-413a-8165-b02db0e24801_expedia_group-2643971-89bb16-854110.jpg',1);
/*!40000 ALTER TABLE `room_gallery` ENABLE KEYS */;
UNLOCK TABLES;

--
-- Table structure for table `room_occupancy`
--

DROP TABLE IF EXISTS `room_occupancy`;
/*!40101 SET @saved_cs_client     = @@character_set_client */;
/*!50503 SET character_set_client = utf8mb4 */;
CREATE TABLE `room_occupancy` (
  `occupancyr_day` date NOT NULL,
  `occupancyr_room` int(11) NOT NULL,
  `room_occupancy_note` varchar(255) DEFAULT NULL,
  `room_occupancy_status` varchar(255) DEFAULT NULL,
  `room_occupancy_change_datetime` datetime(6) DEFAULT NULL,
  PRIMARY KEY (`occupancyr_day`,`occupancyr_room`)
) ENGINE=InnoDB DEFAULT CHARSET=utf8mb4 COLLATE=utf8mb4_general_ci;
/*!40101 SET character_set_client = @saved_cs_client */;

--
-- Dumping data for table `room_occupancy`
--

LOCK TABLES `room_occupancy` WRITE;
/*!40000 ALTER TABLE `room_occupancy` DISABLE KEYS */;
/*!40000 ALTER TABLE `room_occupancy` ENABLE KEYS */;
UNLOCK TABLES;
/*!40103 SET TIME_ZONE=@OLD_TIME_ZONE */;

/*!40101 SET SQL_MODE=@OLD_SQL_MODE */;
/*!40014 SET FOREIGN_KEY_CHECKS=@OLD_FOREIGN_KEY_CHECKS */;
/*!40014 SET UNIQUE_CHECKS=@OLD_UNIQUE_CHECKS */;
/*!40101 SET CHARACTER_SET_CLIENT=@OLD_CHARACTER_SET_CLIENT */;
/*!40101 SET CHARACTER_SET_RESULTS=@OLD_CHARACTER_SET_RESULTS */;
/*!40101 SET COLLATION_CONNECTION=@OLD_COLLATION_CONNECTION */;
/*!40111 SET SQL_NOTES=@OLD_SQL_NOTES */;

-- Dump completed on 2025-05-16  9:51:27
